seed,domain,exact_local_utility,hungarian_utility,percent_of_exact_local,selected_ues,allowed_ues,demand_copies,physical_slots,fully_selected_before_repair,partially_selected_before_repair,repair_drops,refills,swap_used
0,0,64.12649132252878,64.12649132252878,100.0,6,10,37,20,5,1,1,2,True
0,1,74.85481653164693,74.85481653164693,100.0,4,12,52,20,4,1,0,0,True
0,2,64.19040778564869,63.444797367841105,98.83843950595016,4,12,55,20,4,1,0,0,True
0,3,72.84854047406759,71.76484396526351,98.51239777523085,6,12,43,20,6,1,0,0,True
0,4,82.27111138496771,82.27111138496771,100.00000000000001,5,10,45,20,4,1,0,1,False
0,5,59.09726589291686,57.42679854576154,97.17335933919146,6,10,30,20,6,1,0,0,False
0,6,64.09508902857928,62.89780361877186,98.13201693303903,6,12,52,20,5,1,0,1,False
0,7,70.86006647852875,70.86006647852875,100.0,5,12,51,20,4,1,1,2,False
0,8,68.48286087823877,68.48286087823877,100.0,7,12,42,20,7,1,0,0,False
0,9,52.627557033270726,52.627557033270726,100.0,5,10,45,20,5,0,1,1,True
1,0,73.64979836410562,73.64979836410562,100.0,5,10,40,20,5,1,0,0,True
1,1,86.36270149646063,86.36270149646063,100.0,5,12,49,20,4,1,0,1,False
1,2,75.66443212492588,75.44559390187675,99.71077794823356,5,12,47,20,5,1,0,0,False
1,3,70.97799185953673,70.97799185953673,100.0,5,12,49,20,5,1,0,0,True
1,4,57.55863058977985,57.55863058977985,100.0,4,10,48,20,4,1,1,1,False
1,5,71.61392841284199,71.61392841284199,100.0,5,10,47,20,4,1,0,1,True
1,6,68.88152777443995,67.02481727169244,97.30448704792451,7,12,46,20,6,1,0,1,False
1,7,68.68158756710031,68.68158756710031,100.0,5,12,47,20,4,1,0,1,False
1,8,83.50013181285607,83.25752953018888,99.70945880275863,4,12,51,20,4,1,0,0,False
1,9,79.1512021737218,79.1512021737218,100.0,5,10,42,20,4,1,0,1,False
2,0,76.43253700175592,76.43253700175592,100.0,6,10,33,20,5,1,0,1,True
2,1,67.67103973653234,67.67103973653234,100.0,5,12,51,20,4,1,1,2,True
2,2,63.47658210670654,63.47658210670654,100.0,6,12,41,20,5,1,0,1,True
2,3,63.871259039913944,63.871259039913944,100.0,6,12,49,20,4,1,0,2,False
2,4,73.22555307678576,73.22555307678576,100.0,4,10,46,20,4,0,1,1,False
2,5,54.525630851136455,54.207601489490735,99.41673419145944,5,10,37,20,4,0,1,2,True
2,6,67.58500864374163,67.58500864374163,100.0,5,12,47,20,5,0,2,2,False
2,7,67.77442246122612,67.77442246122612,100.0,5,12,51,20,4,1,0,1,False
2,8,66.70940719486417,64.3516293387244,96.46559914817936,3,12,52,20,3,1,0,0,False
2,9,65.89500991395523,65.89500991395523,100.0,5,10,37,20,5,1,1,1,False
3,0,73.23344936881591,69.23754857000704,94.54361247046435,5,10,38,20,4,1,0,1,True
3,1,68.28269068828253,65.88109331253148,96.48286066125515,5,12,48,20,4,1,1,2,True
3,2,68.65230567771799,67.27187884148813,97.98924912630008,6,12,50,20,5,0,1,2,False
3,3,61.59311804373732,61.59311804373732,100.0,5,12,49,20,4,1,0,1,False
3,4,72.46522884346022,69.01142919293542,95.23385255846536,5,10,36,20,5,1,0,0,False
3,5,67.65836730747932,67.65836730747932,100.0,5,10,41,20,4,1,1,2,False
3,6,68.60038198073624,62.03982789737894,90.43656333400654,6,12,40,20,7,0,1,0,True
3,7,77.84698978361773,77.84698978361773,100.0,5,12,49,20,5,1,0,0,False
3,8,73.41490479098881,73.41490479098881,100.0,5,12,45,20,4,1,1,2,True
3,9,82.20355694506055,82.20355694506055,100.0,5,10,40,20,4,1,0,1,False
4,0,71.06482421679567,69.55628943731196,97.877241242613,6,10,41,20,5,1,0,1,False
4,1,77.84385631823665,77.84385631823665,100.0,6,12,50,20,4,1,0,2,False
4,2,78.80551455079785,78.80551455079785,100.0,5,12,42,20,5,1,0,0,True
4,3,73.2504722327773,73.06327326123751,99.7444399116706,6,12,42,20,5,1,0,1,False
4,4,78.64843952218902,78.64843952218902,100.0,5,10,41,20,5,0,2,2,False
4,5,59.68254960500212,56.4211045603342,94.53534564750804,6,10,37,20,6,1,0,0,True
4,6,79.22864490274948,79.22864490274948,100.0,5,12,45,20,4,1,0,1,True
4,7,75.27587772348079,73.28384178607041,97.35368620379566,5,12,44,20,5,1,0,0,False
4,8,84.29656248155948,84.29656248155948,100.00000000000001,5,12,48,20,4,1,0,1,False
4,9,68.82144638260539,68.82144638260539,100.0,5,10,39,20,5,1,0,0,True
5,0,85.60321947059552,85.60321947059552,100.0,4,10,45,20,4,1,0,0,False
5,1,67.83055388555672,67.83055388555672,100.0,4,12,56,20,3,1,0,1,False
5,2,73.8082072976813,73.8082072976813,100.0,5,12,57,20,4,1,0,1,False
5,3,70.41505350708005,70.41505350708005,100.0,5,12,47,20,5,1,0,0,True
5,4,60.37625294589701,59.51043607558153,98.56596455051404,5,10,41,20,5,0,1,1,True
5,5,84.54905105442793,84.54905105442793,99.99999999999999,4,10,46,20,3,1,0,1,False
5,6,78.10612150551061,78.10612150551061,100.0,5,12,54,20,4,1,0,1,False
5,7,69.81934529054226,69.81934529054226,100.0,5,12,51,20,4,1,0,1,False
5,8,79.06063006663372,79.06063006663372,100.0,5,12,50,20,5,1,0,0,False
5,9,64.55850255586542,64.55850255586542,100.0,3,10,53,20,3,1,0,0,True
6,0,80.29726449264221,78.57730997807919,97.8580160539334,4,10,46,20,3,1,0,1,False
6,1,63.409880852471915,63.03831356292376,99.41402304411731,5,12,47,20,4,1,0,1,False
6,2,74.35596953436595,74.35596953436595,100.0,4,12,54,20,3,1,0,1,False
6,3,75.73192932890069,75.73192932890069,100.0,5,12,50,20,5,1,0,0,True
6,4,69.56691564165047,68.20236484284867,98.03850611139524,6,10,35,20,5,0,1,2,False
6,5,65.35044970028511,65.35044970028511,100.0,5,10,41,20,5,1,0,0,False
6,6,67.64970928188319,67.12812236890053,99.22898868521473,5,12,49,20,5,0,1,1,True
6,7,73.0580279061115,73.0580279061115,100.0,5,12,48,20,5,1,0,0,True
6,8,71.20509369970397,71.20509369970397,100.0,6,12,44,20,6,0,0,0,False
6,9,67.52871076297019,67.52871076297019,100.0,5,10,41,20,5,1,0,0,False
7,0,76.7550269189269,76.7550269189269,100.0,4,10,49,20,4,1,0,0,True
7,1,57.121520385675694,56.99274079005469,99.77455152672493,5,12,52,20,4,1,0,1,False
7,2,79.04771286858882,79.04771286858882,100.0,5,12,54,20,5,0,0,0,False
7,3,76.23315332531683,74.90279676056987,98.25488451321198,7,12,37,20,7,1,0,0,False
7,4,72.1656296767533,71.70931415232246,99.36768302795281,6,10,34,20,5,1,0,1,False
7,5,77.0992589660568,77.0992589660568,100.0,5,10,47,20,4,1,0,1,False
7,6,71.17192571893051,70.87884138614882,99.58820232862728,6,12,49,20,6,1,0,0,False
7,7,71.6517273314864,66.51127310715476,92.82577766681037,5,12,46,20,5,0,2,2,True
7,8,82.67203547795943,80.44015323078334,97.3003177745985,6,12,47,20,5,1,0,1,True
7,9,67.34145542067661,67.34145542067661,100.0,5,10,38,20,5,0,0,0,False
8,0,72.06575005913294,72.06575005913294,100.0,5,10,37,20,5,1,0,0,False
8,1,73.05295756503654,73.05295756503654,100.0,5,12,44,20,4,1,0,1,True
8,2,70.87882161234488,64.59317382140873,91.13183931680746,6,12,39,20,6,1,0,0,True
8,3,89.61851923257139,84.36529407272127,94.13823704650002,5,12,48,20,6,0,1,0,True
8,4,63.019947585905484,63.019947585905484,100.0,6,10,36,20,6,1,0,0,False
8,5,65.40172154306705,62.87471935017272,96.13618398220557,6,10,35,20,5,1,0,1,False
8,6,49.65476959347661,49.65476959347661,100.00000000000001,3,12,55,20,3,1,0,0,True
8,7,67.45275131991819,62.3259670741069,92.39944383959117,5,12,46,20,6,0,1,0,True
8,8,68.00810088177336,68.00810088177336,100.0,5,12,54,20,5,1,0,0,False
8,9,66.15417502045791,63.44001290525968,95.89721719852317,5,10,42,20,4,1,0,1,False
9,0,61.62579474658975,61.62579474658975,100.0,6,10,37,20,6,1,0,0,False
9,1,74.16601626917456,74.16601626917456,100.0,5,12,40,20,5,1,0,0,True
9,2,77.33287507244594,77.33287507244594,100.0,5,12,52,20,4,1,0,1,False
9,3,77.74472596313132,74.75673068113814,96.15665854503087,6,12,47,20,5,1,0,1,False
9,4,69.91866221152378,69.91866221152378,100.0,5,10,41,20,5,1,0,0,False
9,5,69.7352455748956,69.7352455748956,100.0,5,10,43,20,5,0,0,0,False
9,6,73.45704018282089,73.45704018282089,100.0,5,12,48,20,4,1,0,1,False
9,7,83.59457329123272,83.18350170500558,99.50825565578879,4,12,56,20,3,1,0,1,False
9,8,79.5020585580273,79.23505183663886,99.66415118522552,5,12,42,20,5,1,0,0,False
9,9,79.06256694938688,79.06256694938688,100.0,4,10,47,20,4,1,1,1,False
10,0,72.92784302165104,72.92784302165104,100.0,5,10,39,20,4,1,0,1,True
10,1,88.23389642275585,88.23389642275585,100.0,5,12,48,20,4,0,1,2,False
10,2,71.69056755835739,71.69056755835739,100.0,5,12,48,20,3,1,0,2,True
10,3,75.49879234028047,72.79508265672065,96.41887028950882,5,12,43,20,5,1,0,0,True
10,4,74.93093551285517,74.93093551285517,100.0,4,10,37,20,4,1,0,0,False
10,5,69.35141218847363,69.35141218847363,100.0,5,10,42,20,5,1,0,0,True
10,6,78.94233795285786,75.9711116121377,96.23620680895658,4,12,54,20,4,0,1,1,True
10,7,72.15166622018562,72.15166622018562,100.0,5,12,46,20,5,1,0,0,False
10,8,60.91151667697116,60.91151667697116,100.0,6,12,45,20,5,1,0,1,False
10,9,91.68706652517923,91.68706652517923,100.0,4,10,51,20,3,1,0,1,False
11,0,68.02335448981323,67.94284348321948,99.88164211071683,4,10,44,20,3,1,0,1,True
11,1,75.65644888144863,75.65644888144863,100.0,5,12,48,20,5,0,0,0,False
11,2,81.40313260563738,81.40313260563738,100.0,5,12,48,20,4,1,0,1,False
11,3,86.5932886272031,86.09252977996516,99.42171171094589,6,12,41,20,5,1,0,1,False
11,4,77.77249888573932,72.22626272088918,92.86864091508943,5,10,35,20,6,0,1,0,False
11,5,73.01427297835103,72.16223595821654,98.8330541613595,5,10,42,20,4,1,0,1,True
11,6,76.72863999343124,76.29469188395717,99.43443789762046,5,12,48,20,5,1,0,0,True
11,7,78.92216445728945,78.92216445728945,100.0,5,12,43,20,5,1,0,0,False
11,8,76.83159701400865,76.08081854659892,99.0228258989946,4,12,48,20,4,1,0,0,False
11,9,76.80993149918828,76.80993149918828,100.0,6,10,39,20,4,0,1,3,False
12,0,68.57818281937773,68.57818281937773,100.0,5,10,42,20,4,1,1,2,False
12,1,66.39796529966954,66.39796529966954,100.0,5,12,43,20,5,1,0,0,False
12,2,73.3673968818733,73.3673968818733,100.0,4,12,55,20,4,1,0,0,False
12,3,71.4460991146803,71.43397608215197,99.9830319182173,5,12,49,20,4,1,0,1,True
12,4,73.89345730008056,73.89345730008056,100.0,5,10,38,20,5,1,0,0,False
12,5,66.64835311713067,66.64835311713067,100.0,6,10,38,20,6,0,0,0,False
12,6,72.4925782666935,72.4925782666935,100.0,5,12,42,20,5,0,1,1,False
12,7,78.31422729031522,77.9108155231163,99.48488061345041,4,12,51,20,4,1,0,0,False
12,8,73.07620665540172,73.07620665540172,100.0,4,12,57,20,4,1,0,0,False
12,9,63.44486960840059,61.89256994171952,97.55330939087385,6,10,38,20,4,1,0,2,False
13,0,67.58563590782877,67.58563590782877,100.0,5,10,43,20,5,0,0,0,False
13,1,78.90500313495896,71.90793181855034,91.13228434394604,5,12,49,20,5,1,0,0,True
13,2,62.75674976784846,60.49501242141865,96.39602536014613,4,12,57,20,4,1,0,0,False
13,3,71.78347162753943,70.17843273438247,97.76405507177896,6,12,48,20,4,1,0,2,False
13,4,67.46813765542113,67.3977182367432,99.89562566698139,5,10,33,20,5,1,0,0,True
13,5,71.54611689284896,69.57583711200495,97.24614015908816,6,10,38,20,6,1,0,0,False
13,6,56.718805899901504,56.718805899901504,100.00000000000001,3,12,55,20,4,1,1,0,True
13,7,70.3793588365836,70.3793588365836,100.0,5,12,52,20,5,1,0,0,True
13,8,83.58430386581713,83.58430386581713,100.0,5,12,47,20,5,0,0,0,False
13,9,72.7029587118865,72.7029587118865,100.0,6,10,38,20,5,1,0,1,False
14,0,77.4165255982451,77.4165255982451,100.0,6,10,35,20,6,0,0,0,False
14,1,71.70193039671813,70.29294917643166,98.03494660117136,6,12,43,20,6,1,0,0,False
14,2,73.9341837149365,73.9341837149365,100.0,6,12,38,20,6,0,0,0,False
14,3,77.6873184281822,77.6873184281822,100.0,5,12,42,20,5,0,0,0,False
14,4,75.64642068647035,75.64642068647035,100.0,6,10,32,20,5,1,0,1,False
14,5,71.62963885510877,71.62963885510877,100.0,5,10,41,20,4,1,0,1,True
14,6,64.37653354954645,61.833851774837854,96.05029715874394,5,12,46,20,5,1,0,0,True
14,7,81.53225120309114,81.53225120309114,100.0,5,12,46,20,5,0,0,0,False
14,8,69.57806340413427,67.8620289363761,97.53365589123857,5,12,44,20,5,1,0,0,False
14,9,72.14413008138796,72.14413008138796,100.0,5,10,36,20,4,1,0,1,False
15,0,81.42532333226994,81.42532333226994,100.0,5,10,44,20,4,1,0,1,False
15,1,80.59512354452372,80.59512354452372,100.0,4,12,51,20,4,1,0,0,True
15,2,73.53967994099168,73.53967994099168,100.0,6,12,50,20,6,0,0,0,False
15,3,60.49569282094215,59.08277229147227,97.66442788968148,3,12,56,20,4,0,1,0,True
15,4,74.16810923933579,74.16810923933579,100.0,4,10,47,20,4,1,0,0,False
15,5,80.20358497672648,80.20358497672648,100.0,5,10,44,20,4,1,0,1,False
15,6,67.14527933416767,67.14527933416767,100.0,5,12,51,20,4,1,0,1,True
15,7,76.11401043811223,76.11401043811223,100.0,5,12,46,20,3,1,0,2,False
15,8,76.09533454288923,71.16574963258255,93.52183029364534,5,12,39,20,5,1,0,0,True
15,9,76.59781628435738,76.59781628435738,100.0,4,10,45,20,4,1,0,0,False
16,0,67.29155893266139,65.29796906521248,97.03738492751536,6,10,36,20,6,1,0,0,False
16,1,63.82769493877251,63.82769493877251,100.0,6,12,47,20,5,1,2,3,False
16,2,78.9866627927928,76.8250526505787,97.26332260943256,6,12,39,20,6,1,0,0,False
16,3,77.7958634149527,75.28201895582232,96.76866564778403,5,12,47,20,4,1,0,1,False
16,4,73.77070254756114,73.77070254756114,100.0,5,10,40,20,5,1,1,1,True
16,5,63.993765480754114,61.21365124310397,95.65564830141734,5,10,39,20,5,0,1,1,True
16,6,69.97228734603796,67.95156264787408,97.11210712868272,5,12,51,20,4,1,0,1,False
16,7,76.75435437987885,76.6444333163722,99.85678849832725,5,12,53,20,3,1,0,2,False
16,8,69.80570661561751,64.69912539164768,92.68457913893914,6,12,40,20,6,1,0,0,False
16,9,79.67360203443202,79.67360203443202,100.0,6,10,39,20,5,1,0,1,False
17,0,62.21804913202952,58.48093985356701,93.9935286776154,7,10,34,20,6,0,1,2,False
17,1,75.91222063885746,75.54081165353085,99.51073887418794,5,12,51,20,5,1,0,0,True
17,2,58.09682328231645,58.09682328231645,100.00000000000001,3,12,61,20,4,1,1,0,True
17,3,65.48645208244925,65.48645208244925,100.0,5,12,47,20,4,1,0,1,True
17,4,66.50924330836573,66.50924330836573,100.0,6,10,31,20,6,0,0,0,False
17,5,63.41404460964837,63.41404460964837,100.0,5,10,43,20,4,1,0,1,False
17,6,84.18096809573613,84.18096809573613,100.0,4,12,49,20,4,1,0,0,True
17,7,80.8718612514907,80.8718612514907,100.0,5,12,56,20,4,1,0,1,False
17,8,65.52964682620794,64.45616258906131,98.36183423970888,6,12,51,20,5,1,0,1,False
17,9,76.66469957589877,76.66469957589877,100.0,5,10,38,20,5,0,0,0,False
18,0,56.42608255276424,52.435591217994514,92.92793127887586,5,10,38,20,5,0,1,1,True
18,1,82.5082527241222,82.5082527241222,99.99999999999999,6,12,40,20,5,1,1,2,True
18,2,71.29393994135609,69.42792296955928,97.38264293805094,5,12,44,20,5,1,0,0,False
18,3,67.09398927825903,67.09398927825903,100.0,5,12,51,20,4,1,1,2,False
18,4,65.1194567864438,65.1194567864438,100.0,5,10,42,20,4,1,1,2,True
18,5,63.6588791798638,63.6588791798638,100.0,5,10,39,20,5,0,0,0,False
18,6,68.6892634316804,68.6892634316804,100.0,6,12,44,20,6,1,0,0,True
18,7,85.99947049576204,82.890045190683,96.38436691859367,5,12,46,20,4,1,0,1,False
18,8,67.63632293783549,67.63632293783549,100.0,6,12,42,20,5,1,0,1,False
18,9,68.60150331159673,68.60150331159673,100.0,5,10,36,20,4,1,0,1,False
19,0,64.65531171093339,59.38743292290502,91.85236502828961,5,10,41,20,5,1,0,0,True
19,1,82.5531064877459,81.71285246575313,98.9821654717288,5,12,49,20,5,1,0,0,True
19,2,69.7298564427312,69.7298564427312,100.0,5,12,44,20,5,1,0,0,False
19,3,67.00696709491186,67.00696709491186,100.0,6,12,48,20,5,1,0,1,True
19,4,77.55006117902971,77.55006117902971,100.0,5,10,45,20,4,1,0,1,False
19,5,63.7102029778484,63.7102029778484,100.0,4,10,45,20,4,1,0,0,True
19,6,67.74373237805287,67.51664272560515,99.66478130968572,5,12,50,20,4,1,0,1,False
19,7,78.88997602774923,78.88997602774923,100.0,4,12,50,20,4,1,0,0,True
19,8,78.50267966233804,78.50267966233804,100.0,4,12,46,20,4,1,0,0,False
19,9,69.71904945431801,69.71904945431801,100.0,5,10,40,20,5,1,0,0,True
20,0,84.49490082163746,84.49490082163746,100.0,5,10,37,20,4,1,0,1,False
20,1,68.7312281075155,67.66454252406469,98.4480335753899,6,12,38,20,6,1,0,0,False
20,2,82.31548965064214,82.02285886246476,99.64450094457393,5,12,40,20,5,1,0,0,False
20,3,74.6741585735012,70.50981639564571,94.42331556537519,6,12,48,20,5,1,0,1,True
20,4,80.40747691866805,80.40747691866805,100.0,6,10,36,20,6,0,0,0,False
20,5,77.43053552227407,77.43053552227407,100.0,5,10,37,20,5,1,0,0,False
20,6,80.6024559206646,80.6024559206646,100.0,4,12,51,20,4,1,0,0,True
20,7,83.4946287677334,83.4946287677334,100.00000000000001,5,12,46,20,5,0,0,0,False
20,8,62.7606909618049,62.7606909618049,100.0,5,12,54,20,4,0,1,2,False
20,9,68.68403019566271,68.68403019566271,100.0,5,10,35,20,5,0,0,0,False
21,0,70.62858254349572,70.57319823766778,99.92158372172649,5,10,42,20,4,1,0,1,False
21,1,72.34868738504687,72.34868738504687,100.0,5,12,55,20,4,0,1,2,True
21,2,67.24747666289288,67.24747666289288,100.0,5,12,46,20,4,1,0,1,True
21,3,74.19831706754019,71.2271066922877,95.99558252440161,5,12,48,20,4,1,0,1,True
21,4,74.87510752670872,74.87510752670872,100.0,6,10,41,20,6,0,0,0,False
21,5,71.7714917407118,71.7714917407118,100.0,5,10,41,20,5,1,0,0,True
21,6,74.79389595042231,74.57200672053358,99.70333243499468,6,12,47,20,6,1,0,0,False
21,7,71.57084455010475,71.57084455010475,100.0,7,12,42,20,6,1,0,1,False
21,8,80.53785200525748,80.53785200525748,100.0,6,12,42,20,5,1,0,1,False
21,9,81.34019046913264,80.08889857294187,98.46165605345415,4,10,42,20,3,1,0,1,False
22,0,75.73326846652162,75.73326846652162,100.0,5,10,44,20,4,1,0,1,False
22,1,76.81723021681564,73.79347692111033,96.063704344493,5,12,52,20,4,1,1,2,False
22,2,69.51165550944923,69.51165550944923,100.0,4,12,54,20,4,1,1,1,True
22,3,78.4342920257595,76.68037240432675,97.76383572015065,4,12,49,20,4,1,0,0,True
22,4,75.87381477936988,75.87381477936988,100.0,4,10,42,20,4,0,1,1,False
22,5,79.85761504362826,79.85761504362826,100.0,4,10,43,20,4,1,0,0,False
22,6,79.04029604974576,79.04029604974576,100.0,3,12,57,20,3,1,0,0,False
22,7,73.07285796861699,73.07285796861699,100.0,3,12,59,20,3,1,0,0,False
22,8,70.58730038062629,70.58730038062629,100.0,6,12,50,20,4,1,1,3,False
22,9,81.50429704228117,81.50429704228117,100.0,5,10,46,20,4,0,1,2,False
23,0,65.07102639317031,65.07102639317031,100.0,5,10,40,20,5,1,0,0,False
23,1,83.54326540785404,83.54326540785404,100.0,4,12,55,20,4,0,1,1,False
23,2,63.70182510427275,63.70182510427275,100.0,4,12,56,20,4,0,1,1,True
23,3,71.69050492393146,69.37382327368526,96.76849583818058,6,12,41,20,6,1,0,0,False
23,4,72.20218699331042,72.20218699331042,100.0,5,10,42,20,4,1,0,1,False
23,5,76.995745215763,76.995745215763,100.0,3,10,48,20,3,1,0,0,False
23,6,90.38143057909608,90.38143057909608,99.99999999999999,5,12,47,20,4,1,0,1,True
23,7,76.98349948397784,76.98349948397784,100.0,4,12,60,20,4,0,1,1,False
23,8,63.38013550697579,61.47633347256185,96.99621652875071,6,12,46,20,5,1,0,1,True
23,9,71.44044771378616,71.44044771378616,100.0,5,10,44,20,4,1,0,1,False
24,0,72.28379608039768,72.28379608039768,100.0,5,10,41,20,5,1,0,0,True
24,1,73.12262156958768,72.62513876839891,99.31965951095539,6,12,46,20,5,1,0,1,False
24,2,70.82203421779892,70.82203421779892,100.0,5,12,43,20,5,1,0,0,True
24,3,67.82249080134673,64.68575648099264,95.37508239038044,6,12,45,20,5,1,0,1,False
24,4,65.37417714609495,65.37417714609495,100.0,5,10,36,20,5,0,0,0,False
24,5,70.10758035780498,70.10758035780498,100.0,5,10,38,20,5,1,0,0,False
24,6,82.13468992461601,82.13468992461601,100.0,5,12,52,20,4,1,0,1,False
24,7,75.06435467666319,75.06435467666319,100.0,5,12,44,20,4,0,1,2,False
24,8,66.40160863203027,64.28432867356334,96.81140261194574,5,12,48,20,4,1,1,2,False
24,9,61.91457193005098,61.91457193005098,100.0,5,10,35,20,5,1,0,0,True
25,0,72.0645318356616,66.35569731315537,92.07816331128767,5,10,42,20,5,1,0,0,False
25,1,72.85639122800613,71.21175900328711,97.74263836432401,4,12,43,20,3,1,0,1,False
25,2,68.51588246552245,68.51588246552245,100.0,5,12,48,20,5,1,0,0,True
25,3,69.29449476084037,69.07068959571598,99.67702316627486,4,12,54,20,5,0,1,0,False
25,4,76.45379221735875,74.40939181769603,97.32596599806263,6,10,32,20,6,1,0,0,False
25,5,59.99462634656633,54.34936964860597,90.590396104228,5,10,38,20,5,1,0,0,False
25,6,87.11463185009221,87.11463185009221,100.0,6,12,45,20,5,1,0,1,True
25,7,68.7826726347734,68.7826726347734,100.0,5,12,54,20,5,0,0,0,False
25,8,84.87845760714916,76.630881411146,90.28307484782985,5,12,47,20,6,0,1,0,True
25,9,76.38475218283106,76.38475218283106,100.0,5,10,41,20,4,0,1,2,False
26,0,75.3041751387757,68.72302336203684,91.26057517446985,4,10,44,20,4,0,1,1,False
26,1,65.94355559117938,60.333976816176595,91.49336318808821,5,12,42,20,5,1,0,0,False
26,2,77.63111188899043,75.9458106082789,97.82909037407394,4,12,48,20,4,1,0,0,True
26,3,82.2041702010147,82.2041702010147,100.00000000000001,4,12,52,20,3,1,0,1,True
26,4,74.95062824556612,74.95062824556612,100.0,6,10,36,20,6,0,1,1,False
26,5,65.14244293953712,62.520183059256055,95.97457546577589,4,10,43,20,4,1,0,0,True
26,6,69.62278186474019,69.62278186474019,100.0,6,12,50,20,5,1,0,1,False
26,7,82.14561920117505,80.34724685342098,97.81075075549695,6,12,42,20,6,1,0,0,False
26,8,72.0679386820137,66.38904183502598,92.1200787051163,6,12,48,20,5,1,0,1,False
26,9,75.97556166972211,75.97556166972211,100.0,5,10,43,20,4,1,0,1,False
27,0,70.36248715197547,70.36248715197547,100.0,5,10,41,20,4,1,0,1,False
27,1,79.06055705944439,78.9284442452839,99.83289668189265,4,12,52,20,3,1,0,1,False
27,2,71.75722324078906,71.75722324078906,100.0,5,12,55,20,4,0,1,2,False
27,3,81.61118791536393,81.61118791536393,100.0,5,12,46,20,3,1,0,2,False
27,4,81.11602523407905,81.11602523407905,100.0,5,10,36,20,5,0,1,1,False
27,5,64.92262849933425,64.92262849933425,100.0,6,10,40,20,6,0,0,0,False
27,6,85.88015704535802,85.88015704535802,99.99999999999999,5,12,51,20,4,1,0,1,False
27,7,71.95383166542561,69.55413443037939,96.66494864901087,4,12,53,20,4,1,0,0,False
27,8,68.5627749774552,68.5627749774552,100.0,4,12,46,20,4,0,1,1,False
27,9,72.24202068603208,67.52212889103257,93.46655623669162,5,10,40,20,4,1,1,2,True
28,0,71.88485355468885,69.0166351219934,96.00998222732227,6,10,35,20,6,1,0,0,False
28,1,65.1078186446099,65.1078186446099,100.0,4,12,56,20,4,0,1,1,False
28,2,80.05385251924791,80.05385251924791,100.0,4,12,55,20,3,1,0,1,False
28,3,77.66407185186074,77.66407185186074,100.0,4,12,50,20,4,1,0,0,False
28,4,76.05779624251606,76.05779624251606,100.0,5,10,40,20,4,1,0,1,False
28,5,61.36666163532075,60.89620024821206,99.23335997987887,6,10,38,20,5,1,0,1,False
28,6,72.54916844300435,72.54916844300435,100.0,5,12,51,20,4,1,0,1,False
28,7,73.497943450854,73.497943450854,100.0,5,12,50,20,4,1,0,1,False
28,8,65.19017843542352,63.00625987606784,96.64992701083179,4,12,49,20,5,0,1,0,False
28,9,78.41496036048311,78.41496036048311,100.0,5,10,38,20,5,1,0,0,False
29,0,63.05525681804538,61.44660452836933,97.44882128651376,6,10,38,20,5,1,0,1,True
29,1,93.65863949539175,93.65863949539175,100.00000000000001,6,12,42,20,6,0,0,0,False
29,2,67.61224513637374,67.61224513637374,100.0,5,12,40,20,5,0,0,0,False
29,3,66.45074689180346,64.76014146820486,97.45585188628311,4,12,48,20,4,1,0,0,True
29,4,75.83140815730539,73.2183673976042,96.5541444855136,6,10,31,20,6,1,0,0,True
29,5,57.19812334867136,57.19812334867136,100.0,5,10,38,20,5,0,0,0,False
29,6,76.30822883296396,75.88695432445759,99.44793043299626,5,12,50,20,4,0,1,2,False
29,7,71.43873944942553,67.50577945742009,94.49463971184746,6,12,38,20,6,0,1,1,False
29,8,78.81858353115986,72.12719637103109,91.51039404624238,4,12,49,20,5,0,1,0,True
29,9,93.66922502176632,93.66922502176632,100.0,5,10,45,20,4,1,0,1,False
30,0,72.19005819456902,72.19005819456902,100.0,4,10,45,20,4,1,0,0,False
30,1,74.5849177438551,74.5849177438551,100.0,6,12,48,20,6,0,0,0,False
30,2,72.91311110030675,72.91311110030675,100.0,5,12,53,20,5,0,0,0,False
30,3,77.28813188106929,77.28813188106929,100.0,5,12,48,20,5,1,0,0,True
30,4,77.83984324103508,77.83984324103508,100.0,4,10,44,20,4,0,1,1,True
30,5,81.41714681736197,81.41714681736197,100.0,6,10,38,20,6,0,0,0,False
30,6,79.6336338654628,74.42175208755427,93.45517525080702,5,12,48,20,5,1,0,0,True
30,7,82.2446118871027,81.28314607097602,98.83096801837122,4,12,56,20,4,1,1,1,False
30,8,71.60920647984598,71.58521636740511,99.96649856405318,5,12,51,20,5,1,0,0,False
30,9,66.16788304238437,66.16788304238437,100.0,6,10,39,20,5,1,0,1,False
31,0,56.93620420129871,56.93620420129871,100.0,5,10,40,20,5,1,0,0,True
31,1,74.09903364690052,74.09903364690052,100.0,3,12,57,20,4,0,1,0,False
31,2,75.99024798881311,75.06828408663749,98.78673392102715,5,12,50,20,5,1,0,0,True
31,3,77.34512845401602,77.34512845401602,100.0,4,12,56,20,4,1,0,0,False
31,4,82.39839097454069,81.75550843019113,99.21978750222416,6,10,38,20,5,1,0,1,False
31,5,62.81011415277173,62.81011415277173,100.0,4,10,47,20,4,0,1,1,False
31,6,65.76440685301668,65.76440685301668,100.0,5,12,49,20,5,1,0,0,False
31,7,76.61738853299553,76.61738853299553,100.0,5,12,44,20,5,1,0,0,True
31,8,66.88863898150849,66.88863898150849,100.0,5,12,54,20,5,1,1,1,True
31,9,77.4284851245005,77.4284851245005,100.0,5,10,39,20,5,1,0,0,True
32,0,70.83543870896854,70.83543870896854,100.0,5,10,38,20,5,1,0,0,False
32,1,81.52974383585662,74.55984281196075,91.451094170088,5,12,51,20,5,0,1,1,True
32,2,80.09273973626202,78.18294150089704,97.61551641053389,5,12,47,20,4,1,0,1,False
32,3,63.55899184646135,63.55899184646135,100.0,4,12,53,20,4,1,0,0,True
32,4,72.00843172079067,72.00843172079067,100.0,5,10,42,20,5,0,0,0,False
32,5,71.65245739469003,71.65245739469003,100.0,5,10,46,20,4,1,0,1,False
32,6,72.25236557917714,72.25236557917714,100.0,4,12,52,20,4,1,0,0,True
32,7,75.33908798451704,74.32761212113289,98.65743548210722,5,12,48,20,4,1,0,1,False
32,8,71.6071110132801,71.6071110132801,100.0,6,12,39,20,6,1,0,0,False
32,9,64.83195608157146,64.83195608157146,100.0,4,10,48,20,4,0,1,1,True
33,0,85.19397862819481,85.19397862819481,100.0,5,10,40,20,5,0,1,1,False
33,1,74.29627327851965,74.29627327851965,100.0,7,12,44,20,5,1,0,2,False
33,2,71.95029318105767,66.58707650376508,92.54594187156896,5,12,41,20,5,1,0,0,True
33,3,90.89404301016286,84.84986055508091,93.35029859502876,6,12,48,20,5,0,1,2,False
33,4,72.69947871379338,70.41336668998716,96.85539420054675,5,10,38,20,5,1,0,0,False
33,5,74.44644250898345,74.44644250898345,100.0,6,10,34,20,6,0,0,0,False
33,6,84.47078436625074,84.47078436625074,100.0,5,12,52,20,4,1,1,2,False
33,7,72.98340437674786,71.75781947851335,98.32073481814044,7,12,43,20,7,1,0,0,False
33,8,74.01338620110815,69.11042046395838,93.37556894934181,5,12,41,20,5,1,0,0,True
33,9,71.0376492850885,64.4985492129348,90.79488111168915,6,10,32,20,7,0,1,0,False
34,0,78.77177659662365,78.77177659662365,100.0,6,10,33,20,6,0,0,0,False
34,1,67.42462780221393,67.42462780221393,100.0,5,12,49,20,4,1,1,2,True
34,2,77.67011983623132,77.67011983623132,100.0,5,12,43,20,5,1,0,0,True
34,3,66.60460445255913,63.11884566042407,94.76648976330475,6,12,48,20,5,1,0,1,False
34,4,89.35943360089627,89.35943360089627,100.0,4,10,46,20,4,1,0,0,False
34,5,82.0680743856971,82.0680743856971,100.00000000000001,5,10,40,20,5,0,0,0,False
34,6,77.78522048808898,77.78522048808898,100.0,4,12,52,20,4,1,0,0,False
34,7,69.18269314488978,67.42829119107542,97.46410283545899,4,12,53,20,4,1,0,0,False
34,8,73.45968273317722,73.0585766318389,99.45397790132688,4,12,52,20,4,1,0,0,False
34,9,81.13689739974598,81.13689739974598,100.0,4,10,49,20,4,1,0,0,True
35,0,81.15231418742546,81.15231418742546,100.0,5,10,42,20,5,1,0,0,False
35,1,69.40423610204118,68.86532287086398,99.22351536239823,6,12,43,20,5,1,0,1,False
35,2,79.59328714323172,79.59328714323172,100.0,6,12,49,20,5,1,0,1,False
35,3,70.13862452114684,64.22030149687173,91.56196309140518,5,12,52,20,6,0,1,0,True
35,4,74.96802313757154,74.96802313757154,100.0,6,10,37,20,6,1,0,0,True
35,5,73.98085056362949,73.98085056362949,100.0,5,10,46,20,5,1,0,0,True
35,6,77.1519195840016,68.13561544370143,88.31357121259518,6,12,47,20,5,1,0,1,True
35,7,70.50404202770986,70.50404202770986,100.0,6,12,44,20,6,1,0,0,True
35,8,59.66438413176321,53.73967416724394,90.0699386229562,5,12,47,20,6,1,1,0,True
35,9,69.5035821058901,69.5035821058901,100.0,6,10,39,20,5,1,0,1,False
36,0,66.95301143197902,65.8105268719676,98.29360243015785,6,10,37,20,6,1,0,0,False
36,1,61.14237637986945,61.10970085808094,99.94655830583768,5,12,44,20,5,1,0,0,True
36,2,86.2588356508925,86.2588356508925,100.0,5,12,48,20,5,1,0,0,False
36,3,67.74470837887927,67.74470837887927,100.0,5,12,49,20,5,0,0,0,False
36,4,74.65880908904907,74.65880908904907,100.0,5,10,38,20,5,0,0,0,False
36,5,76.84483930794946,76.84483930794946,100.0,5,10,47,20,5,1,0,0,False
36,6,63.58845190048177,63.58845190048177,100.0,6,12,56,20,5,1,0,1,False
36,7,89.24084193879523,87.9201513323841,98.52008275838892,6,12,49,20,5,1,0,1,False
36,8,74.16886818752468,74.11399933885276,99.92602172580929,4,12,49,20,4,1,0,0,False
36,9,83.79863167257437,83.79863167257437,100.0,4,10,51,20,3,1,0,1,False
37,0,64.19897256648488,59.4680151909749,92.63078958061116,7,10,30,20,7,0,1,1,False
37,1,69.24376554482045,69.24376554482045,100.0,5,12,52,20,3,1,0,2,False
37,2,64.72216245205097,61.63839655361937,95.23537876115282,5,12,52,20,4,1,0,1,False
37,3,71.72543400586207,66.70875372088294,93.00571637591051,5,12,56,20,5,1,0,0,True
37,4,73.29914183332895,71.23198388174963,97.17983335155586,5,10,42,20,5,1,0,0,True
37,5,61.700115476913176,60.052274911873795,97.32927474721507,6,10,37,20,6,1,0,0,False
37,6,88.73483011340511,88.73483011340511,100.0,5,12,48,20,4,1,0,1,False
37,7,79.18014389070433,78.80794593667018,99.52993523913278,6,12,46,20,5,1,0,1,False
37,8,69.11785837465129,69.11785837465129,100.0,5,12,55,20,4,0,1,2,False
37,9,79.58046554859388,79.58046554859388,100.0,5,10,43,20,4,1,0,1,False
38,0,63.5999772775595,63.5999772775595,100.0,6,10,38,20,6,0,0,0,False
38,1,74.21602188590305,73.54595859247515,99.09714469140096,4,12,50,20,4,1,0,0,True
38,2,74.23252114049235,74.23252114049235,100.0,5,12,51,20,5,0,1,1,False
38,3,78.04952715239453,76.88197518136735,98.50408834796976,5,12,50,20,4,1,1,2,False
38,4,69.71011211040386,69.71011211040386,100.0,5,10,44,20,4,1,0,1,False
38,5,66.97068681423974,66.97068681423974,100.0,5,10,41,20,5,1,0,0,False
38,6,78.54966966887727,78.54966966887727,100.0,3,12,48,20,3,1,0,0,False
38,7,68.41909312589064,68.41909312589064,100.0,6,12,44,20,6,0,0,0,False
38,8,72.34965820893488,72.34965820893488,100.0,6,12,46,20,6,0,0,0,False
38,9,74.15296819457805,67.92332678615732,91.59893182957411,6,10,34,20,6,1,0,0,False
39,0,66.57556929097132,66.57556929097132,100.0,7,10,34,20,6,1,0,1,False
39,1,63.09218126709596,63.09218126709596,100.0,4,12,49,20,5,0,1,0,True
39,2,78.85246561833006,78.85246561833006,100.0,6,12,51,20,4,1,0,2,False
39,3,80.4156334966619,80.4156334966619,100.0,6,12,46,20,4,1,0,2,True
39,4,75.34885477696757,73.77820290905713,97.91549337735846,6,10,35,20,6,1,0,0,True
39,5,59.31220939149541,59.105977607653905,99.65229455122764,7,10,34,20,6,1,0,1,False
39,6,72.56334010310289,66.18503539104759,91.21001775415442,5,12,53,20,4,1,1,2,False
39,7,73.70381630085801,73.70381630085801,100.0,5,12,52,20,4,1,0,1,False
39,8,72.4976842385858,72.4976842385858,100.0,5,12,43,20,4,1,0,1,False
39,9,76.48956403031286,76.48956403031286,100.0,4,10,43,20,3,1,0,1,False
40,0,64.48535026957356,64.48535026957356,100.0,4,10,47,20,4,1,1,1,False
40,1,68.42071517111367,68.42071517111367,100.0,6,12,45,20,5,1,0,1,False
40,2,80.89442387521262,80.89442387521262,100.0,4,12,50,20,4,1,0,0,False
40,3,76.52526190770314,76.52526190770314,100.0,7,12,41,20,7,0,0,0,False
40,4,58.9010036680356,58.9010036680356,100.0,5,10,40,20,4,1,0,1,False
40,5,68.64303286593778,68.64303286593778,100.0,6,10,39,20,5,1,0,1,True
40,6,75.61988511877985,75.61988511877985,100.0,5,12,47,20,5,1,0,0,True
40,7,83.4288940959105,83.4288940959105,100.0,6,12,42,20,6,0,1,1,False
40,8,74.43593152368786,74.43593152368786,100.0,5,12,54,20,4,1,1,2,False
40,9,63.50503850581194,63.50503850581194,100.0,6,10,38,20,5,1,2,3,False
41,0,71.0758847866515,70.82779728573699,99.65095404487866,5,10,39,20,4,1,0,1,True
41,1,77.93267907970996,77.93267907970996,100.0,4,12,52,20,4,1,0,0,False
41,2,75.03997929897008,72.75683230245552,96.95742587105711,4,12,53,20,4,1,0,0,True
41,3,83.96532116095453,83.96532116095453,100.0,6,12,50,20,6,0,0,0,False
41,4,74.200387310351,74.200387310351,100.0,5,10,40,20,4,1,0,1,False
41,5,62.090978437091685,60.499913861468585,97.43752697143417,6,10,34,20,6,1,0,0,False
41,6,81.19091155762192,75.11239725021382,92.51330698129418,5,12,44,20,5,1,0,0,False
41,7,73.65478934182164,73.65478934182164,100.0,5,12,56,20,4,1,0,1,False
41,8,66.90012241289848,66.90012241289848,100.0,5,12,50,20,4,1,1,2,False
41,9,80.29535645870436,80.29535645870436,100.0,5,10,45,20,4,1,0,1,False
42,0,75.79324102232762,75.79324102232762,100.0,5,10,39,20,4,1,0,1,True
42,1,69.5597369085673,69.5597369085673,100.0,6,12,43,20,6,1,0,0,True
42,2,75.58637162878816,70.91127503200072,93.81489480703308,5,12,52,20,5,0,1,1,True
42,3,82.12763940666063,82.12763940666063,100.0,5,12,54,20,5,1,0,0,False
42,4,71.6298415065109,70.6286727937317,98.6023022085171,6,10,36,20,5,1,0,1,False
42,5,70.49471438541966,70.49471438541966,100.0,6,10,43,20,6,0,0,0,False
42,6,82.72370279118344,82.72370279118344,100.0,5,12,37,20,5,1,0,0,False
42,7,76.17125709960861,76.17125709960861,100.0,4,12,52,20,4,1,0,0,False
42,8,75.65985167508009,67.30334691712248,88.95516634919603,6,12,45,20,6,0,1,1,False
42,9,74.3729207924371,74.3729207924371,100.0,5,10,38,20,5,0,0,0,False
43,0,77.29268264375884,77.29268264375884,100.0,3,10,52,20,3,1,0,0,False
43,1,73.69889673170884,73.69889673170884,100.0,5,12,53,20,4,1,1,2,False
43,2,67.68931017022511,64.9793644611307,95.99649383000146,6,12,45,20,5,0,1,2,False
43,3,67.56927424607109,59.02863626619332,87.36017505712017,6,12,38,20,6,0,1,1,True
43,4,77.22381729966595,77.22381729966595,100.0,5,10,36,20,5,0,0,0,False
43,5,81.82852588970586,81.82852588970586,100.0,5,10,41,20,5,0,1,1,True
43,6,71.9440128910758,71.9440128910758,100.0,4,12,53,20,4,1,0,0,False
43,7,84.31376834262417,84.31376834262417,100.0,4,12,53,20,3,1,0,1,False
43,8,59.966972301974764,58.53598050539802,97.61370010583373,5,12,55,20,5,0,1,1,True
43,9,74.39492914750554,74.39492914750554,100.0,5,10,45,20,4,1,0,1,True
44,0,60.90633937863858,60.90633937863858,100.0,5,10,48,20,5,0,0,0,False
44,1,82.38289517647773,82.38289517647773,99.99999999999999,5,12,49,20,5,1,0,0,False
44,2,86.52194954336365,82.18624272920091,94.98889375812118,6,12,43,20,5,1,0,1,False
44,3,71.48911816852879,68.85150721521106,96.31047210975548,5,12,47,20,4,1,0,1,False
44,4,64.55986301952233,59.975111298845015,92.89844880976447,6,10,36,20,6,1,1,1,False
44,5,65.26448078770751,65.26448078770751,100.0,5,10,45,20,4,1,0,1,False
44,6,70.37266110834845,70.37266110834845,100.0,5,12,38,20,5,1,0,0,False
44,7,75.15156897230811,72.42113491266423,96.36676373230479,5,12,44,20,5,0,1,1,True
44,8,64.55413705351926,64.20481124690404,99.45886379624966,4,12,56,20,4,1,0,0,False
44,9,61.25547618257483,61.25547618257483,100.0,5,10,40,20,5,1,0,0,True
45,0,75.21601154733953,74.60104658905264,99.18240153175385,6,10,40,20,6,1,0,0,False
45,1,65.29729992225772,65.29729992225772,100.0,4,12,56,20,4,1,0,0,True
45,2,82.26815411495271,82.26815411495271,100.0,4,12,59,20,3,1,0,1,True
45,3,60.75648846794518,60.75648846794518,100.0,5,12,47,20,4,1,0,1,False
45,4,75.04806409805704,75.04806409805704,100.0,5,10,43,20,5,0,0,0,False
45,5,59.900036515031225,59.900036515031225,100.0,6,10,37,20,6,1,0,0,False
45,6,76.50661122782198,74.76339725253031,97.72148583329523,6,12,40,20,6,1,0,0,True
45,7,88.5103658495935,88.5103658495935,99.99999999999999,5,12,48,20,5,0,0,0,False
45,8,78.54458533561733,77.07816297321537,98.13300642413986,6,12,45,20,5,1,0,1,True
45,9,78.26934504608005,76.35406836451381,97.55296702631324,6,10,37,20,5,1,0,1,False
46,0,75.00793400445983,74.34742674849595,99.1194168127273,5,10,40,20,4,1,0,1,False
46,1,76.23683003775885,75.42261895605947,98.93199772170995,5,12,47,20,5,0,1,1,False
46,2,73.00656406174883,73.00656406174883,100.0,5,12,49,20,5,0,0,0,False
46,3,77.70575813236916,77.70575813236916,100.0,5,12,46,20,5,1,0,0,True
46,4,73.3238557021668,69.89000774476489,95.3168748089983,6,10,41,20,4,1,1,3,False
46,5,77.22456424585532,77.22456424585532,100.0,6,10,35,20,6,0,1,1,False
46,6,75.53329901570105,70.01363112331278,92.69240458934424,5,12,49,20,5,1,1,1,True
46,7,64.7853698964577,59.588178694315204,91.97783201601098,5,12,41,20,5,1,1,1,True
46,8,72.57219288355576,72.57219288355576,100.0,6,12,45,20,4,1,0,2,False
46,9,69.30753314969823,69.30753314969823,100.0,6,10,32,20,6,0,0,0,False
47,0,71.37188309213093,71.37188309213093,100.0,6,10,36,20,5,1,0,1,False
47,1,74.79080749720075,74.79080749720075,100.0,6,12,44,20,6,0,1,1,True
47,2,68.64074813636309,64.81096336372659,94.4205375427608,6,12,40,20,7,0,1,0,True
47,3,78.67550142866044,78.67550142866044,100.0,5,12,46,20,5,0,2,2,False
47,4,86.62273964683001,84.68415334590209,97.76203533987525,6,10,36,20,5,1,0,1,False
47,5,74.0878311275307,69.63552547096535,93.99050344866838,7,10,37,20,5,1,0,2,False
47,6,76.22669268842765,76.22669268842765,100.0,4,12,56,20,4,1,0,0,False
47,7,74.83352163486407,68.70261830503992,91.80727674458684,6,12,45,20,5,1,0,1,True
47,8,73.71286395998575,73.71286395998575,100.0,5,12,48,20,5,1,0,0,True
47,9,67.58256860794582,65.95757304087702,97.595540387795,5,10,43,20,4,1,0,1,False
48,0,66.62522503433318,66.62522503433318,100.0,4,10,42,20,5,1,1,0,True
48,1,72.11404157872403,70.34075868260543,97.54100192237489,7,12,41,20,6,1,0,1,False
48,2,76.98698952241682,76.98698952241682,100.0,5,12,50,20,4,1,0,1,True
48,3,76.81458043875068,76.81458043875068,100.0,5,12,46,20,4,1,0,1,False
48,4,82.66794541191736,82.66794541191736,100.0,6,10,33,20,6,0,0,0,False
48,5,70.03910394110238,64.3243202572304,91.8405813862529,5,10,39,20,6,0,1,0,True
48,6,60.23181092018421,60.23181092018421,100.0,5,12,52,20,5,0,1,1,False
48,7,78.45533876049137,78.45533876049137,100.0,5,12,51,20,4,1,1,2,False
48,8,66.65430656893878,66.65430656893878,100.0,4,12,49,20,4,1,0,0,False
48,9,71.75246236915034,69.92229472994785,97.44933124415064,5,10,37,20,5,1,0,0,False
49,0,73.17887318780092,73.17887318780092,100.0,5,10,39,20,4,1,0,1,False
49,1,74.01454919764525,74.01454919764525,100.0,5,12,48,20,5,1,0,0,True
49,2,87.30912739273651,87.30912739273651,100.0,5,12,47,20,5,1,0,0,False
49,3,73.26929916251812,72.83851270372638,99.41205052632452,5,12,47,20,4,1,1,2,False
49,4,68.40984398295538,68.40984398295538,100.0,5,10,40,20,4,1,0,1,False
49,5,62.84018784622729,61.523861661332504,97.90527967848236,5,10,36,20,5,1,0,0,True
49,6,66.32639814996895,66.32639814996895,100.0,5,12,50,20,5,1,0,0,True
49,7,68.9534818471881,64.23825450506264,93.1617269849039,5,12,45,20,5,1,0,0,True
49,8,75.45598827162905,69.1302738781961,91.61668339607266,5,12,45,20,5,1,0,0,False
49,9,68.34462113900467,68.34462113900467,100.0,6,10,38,20,5,1,0,1,False
50,0,67.78737723878064,65.78421095906054,97.04492729868579,4,10,36,20,4,1,0,0,False
50,1,81.98119570880185,81.98119570880185,99.99999999999999,4,12,54,20,4,1,0,0,False
50,2,66.65181966131655,66.65181966131655,100.0,5,12,56,20,4,1,0,1,False
50,3,67.56547042299196,67.56547042299196,100.0,5,12,45,20,5,0,0,0,False
50,4,79.07826614801758,79.07826614801758,100.0,5,10,43,20,5,0,0,0,False
50,5,64.1589230863232,64.1589230863232,100.0,7,10,34,20,7,0,0,0,False
50,6,80.96795348224174,80.96795348224174,100.0,5,12,47,20,5,0,0,0,False
50,7,79.1653036800016,74.69602304683885,94.35449568762058,5,12,51,20,5,1,0,0,True
50,8,73.45018218262071,72.54567856316464,98.76854816070139,6,12,50,20,6,1,0,0,True
50,9,72.49593590312546,72.49593590312546,100.0,5,10,39,20,5,0,0,0,False
51,0,59.71284952404486,57.20451976425419,95.79934674063638,6,10,36,20,6,1,1,1,True
51,1,81.2929729989276,77.62101082188667,95.48305094329694,6,12,43,20,6,0,1,1,False
51,2,89.66478420564437,89.66478420564437,100.00000000000001,5,12,54,20,4,1,0,1,False
51,3,79.79866416182284,75.34288950696543,94.41622901628831,5,12,51,20,4,1,0,1,False
51,4,82.58335082239303,82.58335082239303,99.99999999999999,5,10,43,20,5,0,0,0,False
51,5,60.17544730141078,60.17544730141078,100.0,6,10,34,20,5,0,1,2,False
51,6,66.28036335478252,59.72968551768263,90.11671405294548,6,12,37,20,6,0,1,1,False
51,7,76.19371262160332,73.83583330827277,96.90541485353212,4,12,51,20,4,1,0,0,True
51,8,76.29903375983527,76.29903375983527,100.0,5,12,48,20,5,1,0,0,False
51,9,60.052330099909966,60.052330099909966,100.0,5,10,42,20,4,1,0,1,False
52,0,77.71621377877052,77.71621377877052,100.0,5,10,46,20,4,1,1,2,False
52,1,58.61668087880152,58.61668087880152,100.0,5,12,47,20,5,0,0,0,False
52,2,66.66999300630623,66.66999300630623,100.0,6,12,44,20,6,1,1,1,False
52,3,69.65249939952945,65.44242175326042,93.9555971679927,5,12,39,20,5,1,0,0,True
52,4,77.14721280078231,77.14721280078231,100.0,5,10,38,20,5,0,0,0,False
52,5,69.18276555619438,67.4520500811062,97.49834303214953,4,10,42,20,5,0,1,0,False
52,6,76.17395148171073,76.17395148171073,100.0,6,12,45,20,6,0,0,0,False
52,7,75.31578884174289,75.23856200310203,99.89746261729645,3,12,50,20,3,1,0,0,False
52,8,71.31644419256256,71.31644419256256,100.0,5,12,46,20,4,1,0,1,False
52,9,60.64771752434871,59.20465677735647,97.62058523239084,3,10,46,20,4,0,1,0,False
53,0,67.31629078814875,65.08663211081121,96.68778738217394,4,10,43,20,4,1,0,0,True
53,1,64.60915692793799,63.08286177405425,97.63764886208608,5,12,41,20,5,1,0,0,False
53,2,67.97444492252788,67.97444492252788,100.0,4,12,55,20,4,1,0,0,False
53,3,71.8490796662877,71.8490796662877,100.0,5,12,55,20,5,1,0,0,True
53,4,85.81491154265491,85.81491154265491,100.00000000000001,5,10,43,20,5,1,0,0,True
53,5,63.7204256137926,63.7204256137926,99.99999999999999,5,10,34,20,5,1,0,0,True
53,6,72.75244779059082,72.75244779059082,100.0,5,12,40,20,4,1,0,1,False
53,7,63.446351134115524,62.70326953033486,98.82880324794422,4,12,55,20,4,0,1,1,True
53,8,70.73710442499748,70.38028920430231,99.49557559134541,6,12,48,20,6,1,0,0,False
53,9,86.2974635880782,81.94779490946443,94.95967958064684,5,10,34,20,5,1,0,0,True
54,0,61.11411368569148,61.11411368569148,100.0,6,10,39,20,6,0,0,0,False
54,1,70.89002892675755,70.89002892675755,100.0,5,12,53,20,4,1,0,1,False
54,2,81.94260186543063,81.94260186543063,99.99999999999999,5,12,51,20,4,1,0,1,False
54,3,71.79291035894498,69.43576101080379,96.71673799494117,6,12,43,20,6,1,0,0,False
54,4,79.94853598543172,79.94853598543172,100.0,4,10,46,20,4,1,0,0,True
54,5,76.52270683590592,71.99215724483102,94.07947029266732,5,10,40,20,5,1,0,0,False
54,6,78.91515040182814,78.91515040182814,100.0,5,12,43,20,5,1,0,0,False
54,7,73.06474402003545,70.65699950327313,96.7046425070591,4,12,48,20,4,1,0,0,True
54,8,83.08698528009585,83.08698528009585,100.0,5,12,50,20,4,1,0,1,False
54,9,70.34809796343069,70.34809796343069,100.0,5,10,39,20,4,1,0,1,False
55,0,70.59890064708907,70.59890064708907,100.0,5,10,38,20,5,0,1,1,False
55,1,75.91610810382268,75.91610810382268,100.0,5,12,44,20,4,1,0,1,False
55,2,78.51974081671855,78.51974081671855,100.0,4,12,53,20,4,1,0,0,False
55,3,76.72553996609776,76.72553996609776,100.0,7,12,45,20,5,1,0,2,False
55,4,75.02532852382855,74.36115625507287,99.11473594075002,6,10,40,20,5,1,0,1,False
55,5,61.74233507938743,61.74233507938743,100.0,6,10,40,20,4,1,0,2,False
55,6,68.53802491399543,66.86813169156882,97.56355216754194,5,12,42,20,5,1,0,0,False
55,7,79.08271445975666,79.08271445975666,100.0,4,12,61,20,3,1,0,1,False
55,8,75.34863473343964,75.34863473343964,100.0,4,12,58,20,4,1,0,0,False
55,9,78.50122748298459,75.97895276593762,96.78696142987869,6,10,35,20,6,1,0,0,False
56,0,69.1799643731996,69.1799643731996,100.0,6,10,38,20,6,1,0,0,True
56,1,74.17131731744905,72.61244072875311,97.8982757148238,6,12,45,20,5,1,0,1,False
56,2,66.81753768381523,66.81753768381523,100.0,4,12,58,20,4,1,1,1,False
56,3,81.97422308617197,81.97422308617197,100.0,5,12,45,20,5,0,0,0,False
56,4,64.9267733059798,60.43638394125493,93.08391725619408,5,10,39,20,5,1,0,0,True
56,5,77.50889057964508,77.50889057964508,100.0,5,10,41,20,4,0,1,2,False
56,6,76.77796790292811,73.83402610515813,96.16564246465592,5,12,51,20,4,1,1,2,False
56,7,68.55568436540234,68.53989493311647,99.97696845647151,5,12,44,20,5,0,1,1,False
56,8,92.5820723701846,92.5820723701846,99.99999999999999,3,12,52,20,3,1,0,0,False
56,9,90.3893949217506,90.3893949217506,100.0,5,10,45,20,4,1,1,2,False
57,0,76.13826158010703,76.13826158010703,100.0,5,10,39,20,3,1,0,2,False
57,1,73.45496013495313,73.45496013495313,100.0,5,12,46,20,5,1,0,0,False
57,2,81.99653246970713,81.99653246970713,99.99999999999999,6,12,47,20,6,0,0,0,False
57,3,71.49299755461492,71.49299755461492,100.0,4,12,54,20,4,0,1,1,False
57,4,70.99629928783078,70.99629928783078,100.0,4,10,47,20,4,1,0,0,True
57,5,76.58095351227921,73.16372335510617,95.53775449319116,6,10,33,20,5,1,0,1,False
57,6,71.8236036661305,65.90650722755723,91.76162690739011,6,12,45,20,6,1,0,0,True
57,7,74.84059609136585,70.18047737337429,93.77327418356948,6,12,37,20,6,1,0,0,False
57,8,73.58477705822588,73.58477705822588,100.0,5,12,45,20,4,1,0,1,True
57,9,71.82681700285664,71.82681700285664,100.0,6,10,39,20,6,0,0,0,False
58,0,66.56628482706523,66.56628482706523,100.0,5,10,39,20,4,0,1,2,False
58,1,77.81976666140653,77.81976666140653,100.0,5,12,48,20,3,1,0,2,True
58,2,71.21056272443377,71.21056272443377,100.0,5,12,54,20,4,1,0,1,True
58,3,63.87087075793296,62.44757804698164,97.77160903857798,6,12,45,20,5,1,0,1,False
58,4,65.82790493059368,64.17080513641935,97.48267881847143,5,10,45,20,4,1,0,1,True
58,5,72.12658574747873,72.12658574747873,100.0,4,10,48,20,4,1,0,0,True
58,6,77.20493853957477,77.20493853957477,100.0,5,12,48,20,5,1,0,0,True
58,7,76.8134170685838,76.8134170685838,100.0,5,12,55,20,4,0,1,2,False
58,8,77.82029515509522,77.82029515509522,100.0,5,12,54,20,5,0,0,0,False
58,9,72.26602603938865,72.26602603938865,100.0,4,10,44,20,3,1,0,1,False
59,0,68.47461143742628,68.47461143742628,100.0,4,10,41,20,5,0,1,0,False
59,1,74.99698015419676,74.99698015419676,100.0,6,12,44,20,5,1,0,1,False
59,2,70.92210603681968,69.35675840049723,97.79286357414458,6,12,46,20,5,1,0,1,False
59,3,79.34961371946045,79.34961371946045,100.0,5,12,49,20,5,0,0,0,False
59,4,81.90100946198375,81.90100946198375,100.0,4,10,44,20,4,1,0,0,False
59,5,71.99174036970584,71.55220406223704,99.38946286725171,6,10,30,20,6,1,0,0,True
59,6,66.03888754756926,66.03888754756926,100.0,5,12,52,20,4,0,1,2,True
59,7,81.44416846478588,81.44416846478588,100.0,5,12,48,20,4,1,0,1,False
59,8,78.54983909672819,68.94754015198954,87.77553327268545,6,12,43,20,6,0,1,1,True
59,9,71.26476478232483,71.26476478232483,100.0,5,10,44,20,4,1,0,1,True
60,0,61.598705092064755,55.457540222714144,90.03036693681776,5,10,40,20,6,0,1,0,True
60,1,75.78357428528189,72.71429494868545,95.94994117717071,6,12,45,20,5,1,0,1,False
60,2,89.0648815733747,86.29196864476448,96.8866371575133,6,12,49,20,5,0,1,2,False
60,3,75.12970969913663,68.45816975546686,91.11997108682233,5,12,46,20,5,1,0,0,False
60,4,70.31946527232881,68.38695792001897,97.25181733844855,6,10,31,20,5,1,0,1,False
60,5,74.83757683942046,70.26063553928735,93.8841668939203,5,10,36,20,6,0,1,0,True
60,6,65.89521174177642,65.89521174177642,100.0,4,12,48,20,3,1,0,1,True
60,7,72.32946042991199,72.32946042991199,100.0,5,12,47,20,4,1,0,1,False
60,8,81.17721854306214,81.17721854306214,100.0,4,12,54,20,3,1,0,1,False
60,9,65.32903837446632,65.32903837446632,100.0,6,10,35,20,6,1,0,0,True
61,0,62.21046384847162,59.96667352215305,96.3932268182667,5,10,39,20,5,1,0,0,False
61,1,76.87917978227816,67.97237739021674,88.41454550206507,6,12,47,20,6,0,1,1,False
61,2,68.64883087423749,65.78461305414574,95.82772527424552,5,12,47,20,5,1,1,1,False
61,3,66.59471167918738,66.59471167918738,100.0,6,12,44,20,5,1,0,1,False
61,4,62.20534611929437,60.97299734318453,98.01890214749952,6,10,39,20,5,0,1,2,False
61,5,65.22539760634395,65.22539760634395,100.0,5,10,47,20,4,1,0,1,False
61,6,78.18648610911038,74.5926001993493,95.40344362739906,5,12,46,20,5,1,0,0,True
61,7,69.14746728847459,68.29946082392084,98.77362613873336,4,12,47,20,5,0,1,0,False
61,8,67.41157398801833,67.41157398801833,100.0,5,12,48,20,4,1,1,2,False
61,9,64.01326767679672,63.274025188673406,98.8451730165444,6,10,36,20,6,1,0,0,False
62,0,71.69416199894123,71.69416199894123,100.0,5,10,41,20,4,0,1,2,False
62,1,70.69041504348223,70.69041504348223,100.0,5,12,48,20,4,1,0,1,False
62,2,88.87590478068964,88.52388474343486,99.60391960214254,5,12,53,20,4,1,1,2,True
62,3,78.69382980509388,78.69382980509388,100.0,4,12,46,20,4,1,0,0,True
62,4,70.63938317888189,70.63938317888189,100.0,6,10,35,20,5,1,0,1,False
62,5,64.44416920425998,64.44416920425998,100.0,5,10,40,20,5,1,0,0,False
62,6,71.5540512010862,69.17906073701272,96.68084416716097,6,12,44,20,6,1,0,0,False
62,7,78.78567953696992,78.78567953696992,100.0,5,12,45,20,5,0,1,1,False
62,8,75.90191762561959,75.90191762561959,100.0,5,12,48,20,5,1,0,0,True
62,9,81.27047535853667,81.27047535853667,100.0,5,10,40,20,5,1,0,0,False
63,0,71.47442956391045,71.47442956391045,100.0,7,10,32,20,7,0,0,0,False
63,1,59.51032237857651,59.294481042535224,99.63730437441053,6,12,45,20,5,0,1,2,False
63,2,67.31038469958372,62.471172864367524,92.8106014297581,5,12,51,20,5,1,0,0,True
63,3,78.69977578189413,78.69977578189413,100.0,5,12,53,20,5,0,1,1,False
63,4,67.08171402188998,67.08171402188998,100.0,6,10,36,20,6,1,0,0,True
63,5,74.80541022207892,74.80541022207892,100.0,5,10,40,20,5,1,0,0,True
63,6,62.833830119658025,62.833830119658025,100.0,5,12,51,20,5,1,0,0,True
63,7,74.33717344694236,74.33717344694236,100.0,5,12,45,20,5,1,0,0,False
63,8,76.39232914437069,75.79696172001272,99.22064501629107,5,12,48,20,5,1,0,0,False
63,9,76.54626146387436,74.67176989873201,97.5511651003008,5,10,37,20,4,1,0,1,False
64,0,68.48200784286193,64.75280276209884,94.55447467410697,5,10,35,20,5,1,0,0,True
64,1,69.21382844100808,63.01472579810181,91.0435489806927,6,12,39,20,6,1,0,0,True
64,2,69.33653570839778,69.33653570839778,100.0,5,12,53,20,4,1,0,1,False
64,3,74.62589299940767,74.62589299940767,100.0,5,12,49,20,4,1,0,1,False
64,4,75.12332055015915,74.496877785616,99.16611411748649,6,10,34,20,5,1,0,1,False
64,5,84.50108250763776,84.50108250763776,100.0,4,10,47,20,4,1,0,0,False
64,6,65.90397136457719,62.68835491502671,95.12075466323286,5,12,46,20,5,1,0,0,True
64,7,72.98334638230058,72.98334638230058,100.0,6,12,47,20,5,1,0,1,False
64,8,69.97548895643493,69.97548895643493,100.0,5,12,52,20,4,1,1,2,True
64,9,60.69975647636729,55.24664595010147,91.01625633640074,7,10,34,20,7,0,1,1,False
65,0,72.7134517189125,68.15584283263934,93.7320966361335,5,10,39,20,5,1,0,0,False
65,1,68.81813585048948,65.03807566040396,94.50717439034113,5,12,39,20,5,0,1,1,True
65,2,75.95107205070768,75.95107205070768,100.0,5,12,52,20,5,0,1,1,True
65,3,81.12105984219237,81.12105984219237,100.0,5,12,58,20,4,1,1,2,True
65,4,62.74935765507241,62.74935765507241,100.0,5,10,47,20,5,0,0,0,False
65,5,72.39513857422294,72.39513857422294,100.0,5,10,41,20,5,0,1,1,False
65,6,71.65362486476307,71.17432403331473,99.33108641418636,5,12,49,20,5,0,1,1,False
65,7,87.96316715123575,87.96316715123575,100.0,5,12,42,20,5,1,0,0,True
65,8,75.42491429915292,68.39441142847647,90.67880562277894,3,12,54,20,3,1,0,0,False
65,9,62.04879451291107,62.04879451291107,100.0,6,10,35,20,5,1,2,3,False
66,0,73.57050418408295,68.48103283678427,93.08218503632358,3,10,47,20,4,0,1,0,False
66,1,77.5053895103719,76.38173546816819,98.55022463689014,4,12,51,20,4,1,0,0,False
66,2,65.05560022852127,64.11117060464468,98.54827313780969,3,12,61,20,3,1,0,0,True
66,3,66.08788775423318,66.08788775423318,100.0,5,12,51,20,4,1,0,1,True
66,4,64.95354092156272,64.95354092156272,100.0,5,10,38,20,5,1,0,0,True
66,5,70.6219411680843,70.6219411680843,100.0,5,10,39,20,5,0,1,1,True
66,6,70.75787065650488,64.61302962331304,91.31567841686184,5,12,42,20,6,0,1,0,True
66,7,68.26819282553276,68.26819282553276,100.0,4,12,59,20,3,1,0,1,False
66,8,74.83301314604087,74.83301314604087,100.0,4,12,58,20,4,1,0,0,False
66,9,73.42614760618622,73.42614760618622,100.0,5,10,39,20,5,1,0,0,True
67,0,76.97758958538427,74.8859635236592,97.2828116949479,6,10,35,20,6,1,0,0,False
67,1,71.63402997366086,71.63402997366086,100.0,4,12,47,20,4,1,0,0,False
67,2,81.56121936615759,81.56121936615759,100.0,5,12,49,20,5,0,0,0,False
67,3,74.15123274642842,74.15123274642842,100.0,5,12,55,20,4,1,0,1,True
67,4,74.06648974121099,69.3626919942237,93.64922279505562,5,10,36,20,5,1,0,0,False
67,5,59.659663292949276,55.32074543427731,92.72721698517405,6,10,38,20,6,1,1,1,False
67,6,67.08683544682351,67.08683544682351,100.0,4,12,57,20,4,1,1,1,True
67,7,91.1988364399274,91.1988364399274,100.0,5,12,49,20,5,0,0,0,False
67,8,91.93195836552792,91.93195836552792,100.0,5,12,51,20,4,0,1,2,False
67,9,63.30577581278569,62.115171866698915,98.11928069627051,6,10,38,20,4,0,1,3,False
68,0,66.20723377691738,66.20723377691738,100.0,5,10,39,20,6,0,1,0,True
68,1,71.70782004590275,65.74721524165676,91.6876502445195,5,12,42,20,6,0,1,0,False
68,2,78.22773757873551,76.87291274846942,98.2681017344999,5,12,44,20,5,1,0,0,False
68,3,61.15074045917197,59.599193145677475,97.46274975275172,6,12,43,20,5,1,0,1,False
68,4,73.18345843411547,67.69060335910052,92.49440352704843,5,10,33,20,6,0,1,0,False
68,5,75.72343832016517,74.25187113164893,98.056655612633,6,10,36,20,6,1,0,0,False
68,6,70.42759158295952,70.42759158295952,100.0,6,12,48,20,6,1,0,0,True
68,7,75.27613731423833,70.27428026293268,93.35532184598485,6,12,43,20,6,1,0,0,False
68,8,77.3594101066049,70.19622404805743,90.74038174712518,6,12,50,20,5,1,0,1,False
68,9,79.13555122267039,75.44451004800189,95.33579899597501,5,10,46,20,3,1,0,2,False
69,0,76.82129664460841,75.73375293413855,98.58432002846675,5,10,34,20,4,1,0,1,False
69,1,68.94049077475351,68.94049077475351,100.0,5,12,46,20,3,1,0,2,True
69,2,75.9123348494641,74.13340773239025,97.65660334305156,4,12,52,20,4,1,0,0,False
69,3,73.11677479962162,71.17660046524394,97.34647166851275,6,12,48,20,5,1,0,1,True
69,4,64.76655666852125,63.79054217870619,98.49302704973131,5,10,40,20,5,1,0,0,False
69,5,81.71234538412442,76.07039715872835,93.09535395309774,5,10,38,20,4,1,0,1,True
69,6,69.13651543981098,68.62357848208256,99.25808098012263,5,12,49,20,5,1,0,0,False
69,7,73.53877995540103,73.46031446809761,99.8933005315685,4,12,53,20,3,1,0,1,False
69,8,71.83888374472816,71.23438134937282,99.15853036149146,4,12,54,20,4,0,1,1,False
69,9,66.66719212195481,66.66719212195481,100.0,5,10,36,20,5,1,0,0,True
70,0,69.75691985202458,69.75691985202458,100.0,4,10,43,20,4,1,1,1,True
70,1,86.0842082064149,86.0842082064149,100.0,5,12,55,20,5,1,0,0,True
70,2,60.391544882383464,60.391544882383464,100.0,5,12,54,20,4,1,0,1,False
70,3,73.72577923931826,73.00034737188227,99.0160404204326,5,12,53,20,4,1,0,1,True
70,4,71.65329310869171,71.65329310869171,100.0,5,10,39,20,5,1,0,0,False
70,5,74.12699393742545,74.12699393742545,100.0,5,10,36,20,5,1,0,0,True
70,6,69.21670276341987,69.21670276341987,100.0,5,12,51,20,5,1,0,0,False
70,7,62.52294958133675,62.52294958133675,100.0,5,12,52,20,4,1,0,1,True
70,8,76.36236537635915,71.73115341299011,93.93521672548555,4,12,46,20,4,1,0,0,False
70,9,78.65222414252597,78.65222414252597,100.0,5,10,37,20,4,0,1,2,True
71,0,75.24989825389542,69.69698100975236,92.62069800359417,6,10,36,20,6,1,0,0,False
71,1,72.08481456544568,71.23768224021069,98.82481167449507,4,12,57,20,4,1,0,0,False
71,2,66.80094822111057,66.07700260318882,98.9162644585141,5,12,42,20,5,1,0,0,False
71,3,79.89827896021838,79.89827896021838,100.0,5,12,51,20,4,1,0,1,False
71,4,69.25134679727174,68.05640290529313,98.27448281189864,4,10,43,20,4,1,0,0,True
71,5,65.16793594175788,65.16793594175788,100.0,5,10,45,20,4,1,1,2,False
71,6,78.82130135794839,78.82130135794839,100.0,5,12,52,20,4,1,0,1,False
71,7,73.97805136880324,73.97805136880324,100.0,5,12,45,20,5,0,0,0,False
71,8,81.35946330933291,81.35946330933291,100.0,5,12,43,20,5,1,0,0,False
71,9,58.15915203939606,58.15915203939606,100.0,5,10,35,20,5,0,0,0,False
72,0,80.29157962401933,80.29157962401933,100.0,5,10,41,20,5,1,0,0,False
72,1,72.1977110073517,66.29564348331061,91.82513206902073,5,12,45,20,6,0,1,0,False
72,2,72.43098006843839,72.43098006843839,100.0,5,12,45,20,5,1,0,0,False
72,3,67.45765696347392,67.45765696347392,100.0,5,12,46,20,5,0,0,0,False
72,4,62.72914368277335,62.72914368277335,100.0,5,10,43,20,5,1,0,0,False
72,5,68.48809731735687,68.48809731735687,100.0,5,10,40,20,4,1,0,1,False
72,6,63.847453314442,63.538178536638036,99.51560358048923,5,12,50,20,4,1,1,2,True
72,7,69.78758328074466,65.42156448448284,93.74384583759263,4,12,53,20,4,1,0,0,True
72,8,75.91667952548804,74.57738316864156,98.2358338573056,6,12,48,20,5,1,0,1,True
72,9,68.83649592095914,64.6876039178265,93.97283091240354,7,10,29,20,7,1,0,0,True
73,0,74.57052744143074,74.57052744143074,100.0,5,10,44,20,5,1,0,0,True
73,1,78.30308327629028,74.24508534343632,94.81757580536716,6,12,41,20,6,1,0,0,True
73,2,79.09560854245,79.09560854245,100.0,5,12,45,20,4,1,0,1,False
73,3,75.46457468573901,73.2519427988481,97.06798601051543,5,12,52,20,4,1,0,1,True
73,4,57.85711025487409,55.320808399700105,95.6162659282481,6,10,40,20,5,1,0,1,True
73,5,66.93041652955625,66.64445142401313,99.57274267758838,5,10,43,20,5,0,1,1,False
73,6,64.23827630044019,62.59668054525284,97.44452085309752,4,12,55,20,4,1,1,1,True
73,7,70.87669241913524,68.7533854283306,97.00422392985232,5,12,50,20,5,1,0,0,True
73,8,68.46841970997508,68.46841970997508,100.0,5,12,51,20,5,0,0,0,False
73,9,66.99006425805412,66.54702665869176,99.33865177729086,5,10,44,20,4,1,0,1,True
74,0,67.05248963069552,67.05248963069552,100.0,4,10,41,20,4,1,1,1,False
74,1,74.08340288504311,74.0156680281349,99.90856945784022,5,12,47,20,5,1,0,0,True
74,2,64.98833181100699,59.753661381396945,91.94521495822815,6,12,44,20,6,1,0,0,False
74,3,65.84837485968796,63.41198579702535,96.30000122576426,4,12,43,20,4,1,0,0,True
74,4,85.56644556237639,85.56644556237639,100.00000000000001,5,10,45,20,4,1,0,1,False
74,5,77.89575332716166,77.89575332716166,100.0,5,10,44,20,4,1,0,1,False
74,6,71.92462381950449,65.59212201886385,91.1956414029608,6,12,50,20,5,1,0,1,True
74,7,68.07461479236758,65.84283341771345,96.72156591489907,4,12,56,20,3,1,0,1,True
74,8,81.48998325821978,75.49492718386166,92.64319879001398,5,12,50,20,6,0,1,0,False
74,9,83.08141651117904,78.53017332963786,94.52194802079622,7,10,31,20,6,1,0,1,False
75,0,85.67191126623706,85.67191126623706,100.0,4,10,48,20,4,1,0,0,False
75,1,85.12913659987218,85.12913659987218,100.0,5,12,49,20,4,1,0,1,False
75,2,85.61273079530983,85.61273079530983,100.0,5,12,55,20,4,1,0,1,False
75,3,73.01730896049612,68.31463221708995,93.55950416366287,5,12,50,20,4,1,0,1,False
75,4,66.29698801650206,66.29698801650206,100.0,5,10,44,20,4,1,0,1,False
75,5,90.50545702809053,90.50545702809053,100.0,5,10,43,20,5,1,0,0,False
75,6,86.42508491925796,86.42508491925796,100.0,4,12,46,20,5,0,1,0,False
75,7,81.76383937495527,81.32148786163805,99.45898881865287,5,12,52,20,4,1,0,1,False
75,8,87.28348753463608,87.28348753463608,100.0,5,12,47,20,5,0,0,0,False
75,9,79.91422940402009,79.91422940402009,100.0,6,10,40,20,5,1,0,1,False
76,0,73.95689954918274,73.95689954918274,100.0,5,10,41,20,5,1,0,0,True
76,1,87.96378107357782,87.96378107357782,99.99999999999999,6,12,45,20,5,1,0,1,False
76,2,75.24524371963102,75.24524371963102,100.0,5,12,49,20,4,1,1,2,False
76,3,67.76913060281343,63.204568127589596,93.26454030821765,5,12,43,20,4,1,0,1,False
76,4,63.47564923060828,59.98878055591826,94.50676170003058,6,10,35,20,6,1,0,0,False
76,5,62.09963236171308,58.566224857866565,94.31009915925847,6,10,38,20,6,1,1,1,False
76,6,87.82526213793317,87.82526213793317,100.0,5,12,50,20,5,0,0,0,False
76,7,69.77141413232783,69.77141413232783,100.0,5,12,52,20,5,0,1,1,False
76,8,69.20470366571737,69.20470366571737,100.0,5,12,50,20,5,0,0,0,False
76,9,71.1021853970978,71.1021853970978,100.0,5,10,46,20,5,0,0,0,False
77,0,57.28727295062452,57.28727295062452,100.0,4,10,43,20,3,1,0,1,False
77,1,76.25966014157345,76.25966014157345,100.0,4,12,53,20,3,1,0,1,True
77,2,66.79808235575041,66.54014726390966,99.6138585379337,5,12,46,20,5,1,0,0,False
77,3,71.54839790101668,69.25185223127573,96.79022069380491,7,12,40,20,7,1,0,0,False
77,4,72.47583688609345,72.47583688609345,100.0,5,10,40,20,5,1,0,0,False
77,5,66.44473990617529,66.44473990617529,100.0,4,10,48,20,4,1,0,0,False
77,6,73.4226662234565,73.4226662234565,100.0,4,12,55,20,3,1,0,1,True
77,7,76.91360723342859,76.91360723342859,100.0,5,12,45,20,5,0,0,0,False
77,8,78.1718267352017,76.38587793746409,97.71535491451758,5,12,44,20,5,1,0,0,False
77,9,61.7301397520053,61.7301397520053,100.0,4,10,45,20,4,1,0,0,True
78,0,81.6897980704881,81.6897980704881,100.0,5,10,41,20,4,1,0,1,False
78,1,70.44792173063252,70.44792173063252,100.0,5,12,50,20,4,1,0,1,True
78,2,94.68340071120289,88.04736483969602,92.99134185964901,7,12,37,20,6,0,1,2,False
78,3,88.36043681109328,88.36043681109328,100.0,6,12,46,20,5,1,0,1,True
78,4,75.32405744378939,75.32405744378939,100.0,6,10,34,20,5,0,1,2,False
78,5,72.82129713244332,72.82129713244332,100.0,5,10,41,20,5,0,1,1,False
78,6,74.08411932589883,72.33823544542551,97.64337634521495,6,12,45,20,5,1,0,1,False
78,7,82.39761290176352,78.8010641198526,95.63512988392173,6,12,49,20,5,0,1,2,True
78,8,81.02194439732969,81.02194439732969,100.0,5,12,48,20,4,1,0,1,False
78,9,71.98174813062295,71.98174813062295,100.0,5,10,42,20,5,0,1,1,False
79,0,63.108786330581204,60.573165652853625,95.98214317663265,5,10,37,20,5,1,0,0,True
79,1,77.13817050853754,77.03303314741343,99.86370254773871,4,12,54,20,4,1,1,1,True
79,2,85.55418972758193,81.8110842812518,95.62487184058575,5,12,50,20,5,1,0,0,True
79,3,74.20374248436546,70.99792950410531,95.67971523682164,6,12,47,20,5,1,0,1,True
79,4,60.60438271189379,56.98981740866319,94.03580212933804,7,10,33,20,6,1,0,1,True
79,5,70.27045411855421,68.05315706232341,96.84462398308972,5,10,37,20,4,1,1,2,False
79,6,66.30663317051905,66.30663317051905,100.0,5,12,44,20,4,1,0,1,True
79,7,78.59818154044835,76.19164192775435,96.93817393032745,5,12,49,20,5,1,0,0,True
79,8,80.31649419532091,73.98296016700981,92.11427977308291,5,12,47,20,5,1,0,0,False
79,9,73.26478739279263,71.27275521894377,97.2810510413836,6,10,36,20,6,1,0,0,False
80,0,66.94122395169644,64.06949690485168,95.710076874428,5,10,39,20,5,1,0,0,True
80,1,75.930826962539,75.930826962539,100.0,5,12,56,20,5,1,0,0,True
80,2,64.02791490174894,64.02791490174894,100.0,5,12,52,20,5,1,0,0,True
80,3,77.14461090083427,76.9137287969751,99.70071518779716,5,12,48,20,5,1,0,0,False
80,4,58.93432469283699,55.64054624123926,94.41110342951283,5,10,43,20,5,1,0,0,True
80,5,70.06792890996925,70.06792890996925,100.0,6,10,35,20,6,0,0,0,False
80,6,73.68745685644905,73.68745685644905,100.0,6,12,43,20,6,1,0,0,False
80,7,74.31714996498604,74.31714996498604,100.0,5,12,50,20,4,1,0,1,False
80,8,69.13652812999497,69.13652812999497,100.0,6,12,44,20,5,1,0,1,False
80,9,64.01921455056575,64.01921455056575,100.0,5,10,40,20,5,0,1,1,False
81,0,81.04797309414455,81.04797309414455,100.0,5,10,43,20,5,1,0,0,True
81,1,94.1096265254741,94.1096265254741,100.0,5,12,48,20,5,0,0,0,False
81,2,74.9560727385483,70.35206141761455,93.85772072532022,6,12,49,20,5,1,0,1,True
81,3,62.439231877962655,62.439231877962655,100.0,5,12,52,20,4,1,0,1,True
81,4,65.77874760722688,65.77874760722688,100.0,5,10,43,20,4,0,1,2,False
81,5,57.619962203284544,57.619962203284544,100.0,4,10,43,20,4,1,0,0,False
81,6,69.15880465205491,68.97926292589518,99.74039209170398,4,12,50,20,4,1,0,0,True
81,7,66.8560758060863,66.8560758060863,100.0,5,12,49,20,4,1,0,1,False
81,8,75.8820735604217,75.8820735604217,100.0,5,12,50,20,4,1,1,2,False
81,9,86.56135620528745,86.56135620528745,100.0,4,10,39,20,3,1,0,1,False
82,0,76.97831934247199,76.97831934247199,100.0,6,10,41,20,6,0,0,0,False
82,1,65.77375283141086,60.4801391263923,91.95178399112032,6,12,49,20,5,1,0,1,False
82,2,82.05796440659748,82.05796440659748,100.0,5,12,45,20,5,0,0,0,False
82,3,92.41251456347914,92.41251456347914,99.99999999999999,5,12,44,20,4,1,0,1,False
82,4,64.1773165449591,58.720412366348,91.49714498457054,5,10,35,20,4,1,0,1,True
82,5,66.631984418672,66.631984418672,100.0,5,10,36,20,5,0,0,0,False
82,6,65.34998839354553,61.04870670627089,93.41808347176469,5,12,52,20,6,0,1,0,True
82,7,82.21848131557002,82.21848131557002,100.00000000000001,4,12,60,20,3,1,0,1,False
82,8,93.11908350668496,93.11908350668496,100.0,5,12,54,20,3,1,0,2,False
82,9,81.5714994641076,76.87111682063772,94.23771455183547,5,10,41,20,6,0,1,0,False
83,0,64.50872482883199,59.45743618410062,92.16960394406416,6,10,35,20,6,1,0,0,True
83,1,73.93762451651169,73.93762451651169,100.0,5,12,52,20,4,0,1,2,True
83,2,77.00923148221699,76.37266870268556,99.1733941927749,5,12,52,20,4,1,0,1,True
83,3,73.36830338153459,73.36830338153459,100.0,4,12,52,20,4,0,1,1,True
83,4,79.72931494485323,79.72931494485323,100.0,5,10,39,20,5,1,0,0,False
83,5,69.4209441086559,66.14025590624091,95.27420975825373,5,10,36,20,5,1,0,0,True
83,6,69.52578745434737,69.01782816247022,99.2693944067722,7,12,41,20,7,0,1,1,True
83,7,74.45695413051001,74.45695413051001,100.0,5,12,54,20,4,1,0,1,False
83,8,77.73314108414363,77.73314108414363,100.0,5,12,44,20,5,1,0,0,True
83,9,77.65105909141023,74.61284985538455,96.08735634571433,6,10,33,20,6,0,1,1,False
84,0,64.15064809708366,64.15064809708366,100.0,6,10,39,20,5,1,0,1,False
84,1,89.61120730068889,87.67346536593027,97.83761206535634,6,12,45,20,5,0,1,2,False
84,2,80.69819387696342,80.69819387696342,100.0,5,12,53,20,4,1,0,1,False
84,3,73.65093697540487,73.65093697540487,100.0,5,12,48,20,4,1,0,1,True
84,4,56.34342840513623,56.34342840513623,100.0,7,10,27,20,7,1,0,0,False
84,5,73.34821635947945,73.0669510387699,99.61653420537036,6,10,37,20,6,1,0,0,False
84,6,82.32652555897609,78.07344502421195,94.83388797731132,5,12,50,20,6,0,1,0,True
84,7,68.8714738705224,68.8714738705224,100.0,6,12,44,20,6,1,0,0,True
84,8,66.91010612347604,66.91010612347604,100.0,5,12,52,20,4,1,0,1,True
84,9,76.0071633044395,70.27857576624143,92.46309520162889,5,10,35,20,5,1,0,0,False
85,0,84.39158976151009,84.39158976151009,100.0,6,10,35,20,6,0,0,0,False
85,1,80.69694007015373,80.69694007015373,100.0,5,12,45,20,5,1,0,0,True
85,2,72.79060828128992,72.79060828128992,100.0,4,12,55,20,3,1,0,1,False
85,3,80.24749637078666,80.24749637078666,100.0,5,12,51,20,4,1,0,1,True
85,4,62.84896246640663,62.84896246640663,100.0,6,10,33,20,6,1,0,0,True
85,5,55.48264384083977,52.29809132099925,94.26027258366439,6,10,29,20,7,0,1,0,True
85,6,69.88030713988525,69.88030713988525,100.0,5,12,55,20,4,0,1,2,False
85,7,72.35673758677211,72.35673758677211,100.0,5,12,47,20,4,1,0,1,False
85,8,74.08665695685981,73.95548090517221,99.82294240680345,5,12,51,20,3,1,0,2,False
85,9,75.31945876265819,75.31945876265819,100.0,6,10,32,20,6,0,0,0,False
86,0,68.06459756368727,68.06459756368727,100.0,5,10,42,20,5,1,0,0,True
86,1,65.15880835976779,65.15880835976779,100.0,5,12,49,20,5,1,0,0,False
86,2,82.4560993721572,82.4560993721572,100.00000000000001,4,12,51,20,4,0,1,1,False
86,3,93.28132669447955,93.28132669447955,100.0,5,12,41,20,5,1,0,0,False
86,4,81.77314651610408,81.77314651610408,100.0,5,10,41,20,5,0,0,0,False
86,5,72.85004567890793,72.85004567890793,100.0,5,10,42,20,4,1,1,2,False
86,6,73.60178192385837,73.60178192385837,100.0,5,12,51,20,4,1,1,2,False
86,7,69.20987637639871,69.20987637639871,100.0,5,12,45,20,5,0,0,0,False
86,8,69.98493891500517,67.5160225142055,96.47221753840766,6,12,37,20,6,1,0,0,False
86,9,68.46884211766798,68.46884211766798,100.0,5,10,37,20,4,1,0,1,False
87,0,62.34787133480198,57.10752826814569,91.59499281296043,5,10,32,20,6,0,1,0,False
87,1,79.79053624330687,79.79053624330687,100.0,5,12,48,20,5,0,0,0,False
87,2,75.65147974913522,74.55749498280323,98.55391491354868,4,12,51,20,4,1,0,0,False
87,3,78.63872191470462,75.99099752399269,96.6330526154993,6,12,44,20,6,1,0,0,True
87,4,74.4001995661803,68.60097740549358,92.20536746608023,5,10,34,20,6,0,1,0,False
87,5,75.80857465178012,75.80857465178012,100.0,5,10,38,20,5,0,1,1,False
87,6,74.19392854674409,74.19392854674409,100.0,5,12,42,20,5,0,0,0,False
87,7,66.16187050815238,66.16187050815238,100.0,5,12,50,20,5,0,0,0,False
87,8,69.75650706040763,66.46204354204905,95.27719540844318,6,12,48,20,5,1,0,1,False
87,9,66.13351836575,60.98324213973383,92.2123057213852,6,10,34,20,5,1,0,1,False
88,0,84.68049629921953,84.68049629921953,100.0,4,10,43,20,3,1,0,1,False
88,1,75.78382877413239,75.78382877413239,100.0,4,12,50,20,3,1,0,1,False
88,2,83.87456967726062,83.87456967726062,100.0,5,12,45,20,5,1,0,0,True
88,3,79.41754776421514,79.41754776421514,100.0,6,12,40,20,6,1,0,0,False
88,4,85.40658709589732,85.40658709589732,100.0,5,10,45,20,5,1,0,0,True
88,5,87.64168669983593,87.64168669983593,100.00000000000001,5,10,34,20,5,1,0,0,True
88,6,72.82008628164598,71.55777171318113,98.26652969953564,4,12,54,20,3,1,0,1,True
88,7,78.34182334213077,78.34182334213077,100.0,5,12,54,20,5,0,0,0,False
88,8,71.47685425870866,71.47685425870866,100.0,5,12,52,20,5,1,0,0,False
88,9,82.11754884729235,82.11754884729235,99.99999999999999,5,10,34,20,5,1,0,0,True
89,0,69.13017970140389,64.08530961558515,92.70236225681865,5,10,35,20,5,1,0,0,False
89,1,71.23481143291158,69.87040160440034,98.08463053236797,6,12,43,20,6,1,0,0,False
89,2,68.27474205838247,68.27474205838247,100.0,5,12,49,20,5,1,0,0,True
89,3,71.50248623641964,70.58334778109402,98.71453636970533,5,12,48,20,5,1,0,0,False
89,4,67.69454895829882,67.69454895829882,100.0,6,10,37,20,5,1,0,1,False
89,5,79.23033988576806,79.23033988576806,100.0,5,10,37,20,4,1,0,1,False
89,6,67.62848604843684,66.06328035633338,97.68558223973486,5,12,43,20,5,1,0,0,False
89,7,77.48556456006784,76.37849530817375,98.5712574230057,6,12,39,20,6,1,0,0,False
89,8,86.78114990140588,83.16395535220272,95.83181998243542,5,12,50,20,5,1,0,0,False
89,9,76.89891884635637,72.85605348091076,94.74262391968965,5,10,37,20,5,1,0,0,True
90,0,62.152442333419955,62.152442333419955,100.0,5,10,44,20,4,1,0,1,False
90,1,77.43527745389756,77.43527745389756,100.0,5,12,58,20,5,0,0,0,False
90,2,76.15409202216055,76.15409202216055,100.0,5,12,47,20,5,0,2,2,True
90,3,70.93850962452578,65.49195302300426,92.32214402254868,5,12,41,20,5,1,0,0,True
90,4,81.02635325284773,81.02635325284773,100.0,5,10,37,20,5,1,0,0,True
90,5,71.04875665211624,71.04875665211624,100.0,5,10,41,20,5,0,1,1,False
90,6,76.0876992577717,73.97425140978017,97.22235279998209,5,12,45,20,5,1,0,0,True
90,7,70.57486852434883,70.57486852434883,100.0,6,12,36,20,5,1,0,1,False
90,8,77.02843979187784,77.02843979187784,100.0,5,12,43,20,4,1,0,1,False
90,9,66.94101813669785,63.20426238907824,94.41783849180645,5,10,35,20,5,1,0,0,True
91,0,71.21545599506368,71.21545599506368,100.0,6,10,39,20,6,0,0,0,False
91,1,77.95084927611317,77.95084927611317,100.0,6,12,42,20,5,1,0,1,False
91,2,70.55145056918404,70.55145056918404,100.0,5,12,44,20,5,0,1,1,False
91,3,80.14669533819014,80.14669533819014,100.0,5,12,42,20,5,1,0,0,True
91,4,62.81534657068111,62.81534657068111,100.0,5,10,44,20,4,1,1,2,True
91,5,67.60528971253389,67.60528971253389,100.0,5,10,42,20,5,1,0,0,False
91,6,75.92953568208473,75.92953568208473,100.0,5,12,47,20,5,0,0,0,False
91,7,80.16328143331776,77.6099727200915,96.81486502601547,5,12,49,20,4,1,0,1,True
91,8,88.4960222783437,79.9809240986469,90.37798766489804,5,12,39,20,6,1,1,0,True
91,9,84.56690157547247,79.66533329683148,94.20391644091802,5,10,33,20,5,1,0,0,False
92,0,72.11743651811268,72.11743651811268,100.0,5,10,42,20,5,1,0,0,True
92,1,62.30261253419664,61.730403451308625,99.08156486604162,5,12,52,20,4,1,0,1,True
92,2,88.85468535229903,88.85468535229903,99.99999999999999,6,12,47,20,5,1,0,1,False
92,3,82.84838392207115,76.00051595887952,91.73445800749369,6,12,44,20,6,1,1,1,False
92,4,51.72924232108568,51.72924232108568,100.0,5,10,42,20,5,1,0,0,True
92,5,63.045345635195666,62.29522941336886,98.81019571822596,5,10,44,20,4,1,0,1,True
92,6,72.56189070229756,67.75071238030236,93.3695521499926,7,12,45,20,5,1,0,2,False
92,7,73.05137799474373,73.05137799474373,100.0,5,12,44,20,5,0,0,0,False
92,8,72.02410677502698,72.02410677502698,100.0,5,12,50,20,5,0,2,2,False
92,9,56.81207271338919,56.81207271338919,100.0,4,10,48,20,4,1,1,1,False
93,0,77.18211435366048,77.18211435366048,100.0,5,10,39,20,4,1,0,1,False
93,1,82.2579336851867,82.2579336851867,100.00000000000001,4,12,47,20,3,1,0,1,False
93,2,69.39171908887099,68.12750794500923,98.17815272418505,5,12,48,20,5,1,0,0,False
93,3,63.42429108037906,63.42429108037906,100.0,6,12,49,20,5,1,1,2,False
93,4,57.812054829019466,57.52391293166502,99.50158855587019,6,10,35,20,6,1,0,0,True
93,5,81.83152162732824,81.83152162732824,100.0,4,10,47,20,4,1,0,0,False
93,6,86.89649952428458,86.89649952428458,99.99999999999999,6,12,47,20,6,0,0,0,False
93,7,75.18297166767516,69.01454241100664,91.79544367581758,5,12,45,20,5,1,0,0,False
93,8,79.10346291300617,75.18175365063298,95.04230394226094,3,12,54,20,4,0,1,0,False
93,9,79.42815175366222,79.42815175366222,100.0,5,10,38,20,5,1,0,0,False
94,0,69.27014311643153,69.27014311643153,100.0,5,10,41,20,5,0,0,0,False
94,1,65.52389314376632,63.164578276761304,96.39930603355874,5,12,46,20,4,1,0,1,True
94,2,78.02624699722799,73.66031617939215,94.40453567119417,4,12,51,20,4,1,0,0,True
94,3,78.58171772323841,78.41132506915473,99.78316501723238,6,12,48,20,5,1,0,1,False
94,4,66.03074412034492,63.70776845582692,96.48197866696121,5,10,36,20,5,0,1,1,True
94,5,65.99689437850158,65.99689437850158,100.0,5,10,46,20,4,1,0,1,False
94,6,68.55535143634847,67.77681843943606,98.86437312244652,5,12,48,20,4,1,1,2,True
94,7,73.1785478711322,73.1785478711322,100.0,4,12,50,20,4,1,0,0,True
94,8,71.59425351306008,71.59425351306008,100.0,5,12,53,20,4,1,0,1,True
94,9,61.17218565730953,61.17218565730953,100.0,4,10,43,20,4,1,0,0,False
95,0,50.99170510215691,50.99170510215691,99.99999999999999,5,10,36,20,5,0,1,1,False
95,1,82.84201201313219,82.84201201313219,100.0,6,12,52,20,4,1,0,2,False
95,2,68.10483483735061,65.66840527972884,96.42253070073438,5,12,51,20,4,1,1,2,True
95,3,77.39652254497234,77.39652254497234,100.0,4,12,50,20,3,1,0,1,False
95,4,61.624607979177306,61.624607979177306,100.0,4,10,39,20,5,0,1,0,False
95,5,56.616522513384986,56.616522513384986,100.0,5,10,35,20,6,0,1,0,False
95,6,71.06722877349617,66.9987095322938,94.27511201517446,6,12,45,20,5,1,0,1,True
95,7,77.8070825271975,76.56288126442033,98.4009151578942,4,12,54,20,5,0,1,0,True
95,8,72.80265215769934,72.80265215769934,100.0,4,12,53,20,4,1,0,0,False
95,9,65.6768620670074,60.23221813670507,91.70995117771098,5,10,37,20,5,1,0,0,False
96,0,58.537916285770336,58.537916285770336,100.0,5,10,42,20,4,1,1,2,True
96,1,61.10902280365221,60.820590595504285,99.5280038938363,5,12,49,20,5,1,0,0,True
96,2,77.85343401532137,77.85343401532137,100.0,6,12,43,20,5,1,0,1,False
96,3,76.30271389551922,76.30271389551922,100.0,5,12,44,20,5,0,0,0,False
96,4,59.23928054947369,59.23928054947369,100.0,3,10,49,20,4,1,1,0,True
96,5,72.09920749595227,67.17659516504696,93.17244599230627,4,10,45,20,4,0,1,1,False
96,6,78.26931875260874,75.54552013385577,96.51996636464632,6,12,42,20,6,1,0,0,False
96,7,65.62543366203145,65.62543366203145,100.0,5,12,46,20,5,0,0,0,False
96,8,73.11825736954337,70.23206109242848,96.0527009519279,5,12,45,20,5,1,0,0,False
96,9,64.95201923947418,64.7816673079831,99.73772650413991,5,10,37,20,5,1,0,0,False
97,0,73.62456279473275,73.62456279473275,100.0,5,10,41,20,5,1,0,0,False
97,1,76.11561450529166,72.97295905255896,95.87120793393291,5,12,48,20,5,1,0,0,True
97,2,70.65727105120386,69.05360309258032,97.73035678456729,5,12,51,20,4,1,1,2,True
97,3,87.61248604038948,87.61248604038948,100.0,5,12,55,20,4,1,0,1,True
97,4,77.98201907413464,77.98201907413464,100.0,5,10,39,20,5,1,0,0,False
97,5,64.66159231132161,64.66159231132161,100.0,6,10,38,20,6,1,0,0,False
97,6,82.19693045296567,77.95214199047321,94.83583092567989,5,12,50,20,5,1,0,0,False
97,7,77.52102206311488,71.7047555623525,92.49717515846606,5,12,51,20,4,1,1,2,True
97,8,73.30195318200299,73.30195318200299,100.0,5,12,55,20,5,1,0,0,False
97,9,61.4384999404685,58.798682029837884,95.70331646575275,6,10,39,20,5,1,0,1,True
98,0,68.48645249083818,68.48645249083818,100.0,7,10,33,20,7,0,1,1,False
98,1,63.99389827370441,62.378261739530664,97.4753272143797,4,12,56,20,4,1,0,0,False
98,2,77.31629114485044,77.31629114485044,100.0,6,12,43,20,6,0,0,0,False
98,3,75.23210475669575,75.23210475669575,100.0,5,12,48,20,5,1,0,0,True
98,4,75.93429583602742,75.93429583602742,100.0,5,10,43,20,4,0,1,2,False
98,5,83.32341761102936,83.32341761102936,100.00000000000001,4,10,43,20,4,1,0,0,True
98,6,69.7403629067387,69.7403629067387,100.0,5,12,48,20,5,0,1,1,True
98,7,69.40799545174761,69.40799545174761,100.0,5,12,52,20,4,1,0,1,False
98,8,65.60367480232225,64.42477378631999,98.2029954578695,5,12,51,20,4,1,1,2,True
98,9,57.21133031219955,53.75811256604373,93.96410164330776,5,10,38,20,5,0,1,1,False
99,0,67.19725111966986,67.19725111966986,100.0,6,10,38,20,6,1,0,0,False
99,1,80.03974625047523,79.71731007715738,99.59715492811681,5,12,41,20,5,1,0,0,False
99,2,77.04387021284231,77.04387021284231,100.0,5,12,50,20,4,1,0,1,False
99,3,79.04173444644736,79.04173444644736,100.0,5,12,50,20,4,1,0,1,True
99,4,82.74949105119325,82.74949105119325,100.00000000000001,5,10,37,20,5,1,0,0,True
99,5,72.02523081303876,70.33135475354875,97.64821849181305,6,10,39,20,5,1,0,1,True
99,6,91.51201241877925,91.51201241877925,100.0,5,12,46,20,4,1,0,1,False
99,7,81.5842146507023,81.5842146507023,100.0,5,12,51,20,4,0,1,2,False
99,8,82.4286428100163,79.86905323176367,96.89478136361892,6,12,43,20,6,1,0,0,False
99,9,62.838856738614965,62.838856738614965,100.0,5,10,38,20,4,1,0,1,False
