variant,seed,resolved,normalized_utility,selected_ues,projection_switches,projection_gap_owner_evaluations
strict_measured_top16,0,False,nan,,0,0
unrestricted_top16_projection_gap,0,True,97.56739293860646,52,3,8
current_action_projection_gap,0,True,96.82400601308339,51,3,8
top1_projection_gap,0,True,96.82400601308339,51,3,8
unrestricted_top8_projection_gap,0,True,96.1645985343454,51,4,9
final_measured_gap_top1_completion,0,True,95.62903445622754,50,3,0
strict_measured_top16,1,True,99.96946518840026,51,0,0
unrestricted_top16_projection_gap,1,True,99.96946518840026,51,0,5
current_action_projection_gap,1,True,99.96946518840026,51,0,5
top1_projection_gap,1,True,99.96946518840026,51,0,5
unrestricted_top8_projection_gap,1,True,99.64743755790987,50,0,6
final_measured_gap_top1_completion,1,True,99.96946518840026,51,0,0
strict_measured_top16,2,True,100.00000000000001,51,0,0
unrestricted_top16_projection_gap,2,True,100.00000000000001,51,0,1
current_action_projection_gap,2,True,100.00000000000001,51,0,1
top1_projection_gap,2,True,100.00000000000001,51,0,1
unrestricted_top8_projection_gap,2,True,100.00000000000001,51,0,2
final_measured_gap_top1_completion,2,True,100.00000000000001,51,0,0
strict_measured_top16,3,False,nan,,0,0
unrestricted_top16_projection_gap,3,True,99.59878886713508,53,1,4
current_action_projection_gap,3,True,99.59878886713508,53,1,4
top1_projection_gap,3,True,99.59878886713508,53,1,4
unrestricted_top8_projection_gap,3,True,98.09905706498371,52,2,9
final_measured_gap_top1_completion,3,True,99.59878886713508,53,1,0
strict_measured_top16,4,True,99.82826084149595,55,0,0
unrestricted_top16_projection_gap,4,True,99.82826084149595,55,0,3
current_action_projection_gap,4,True,99.82826084149595,55,0,3
top1_projection_gap,4,True,99.82826084149595,55,0,3
unrestricted_top8_projection_gap,4,True,98.52465100254604,54,1,6
final_measured_gap_top1_completion,4,True,99.82826084149595,55,0,0
strict_measured_top16,5,False,nan,,0,0
unrestricted_top16_projection_gap,5,True,98.0945004527696,45,1,6
current_action_projection_gap,5,True,98.0945004527696,45,1,6
top1_projection_gap,5,True,97.48045639154556,45,1,6
unrestricted_top8_projection_gap,5,True,94.66914272984378,43,4,13
final_measured_gap_top1_completion,5,True,97.48045639154556,45,1,0
strict_measured_top16,6,True,99.97628115568173,49,0,0
unrestricted_top16_projection_gap,6,True,99.97628115568173,49,0,0
current_action_projection_gap,6,True,99.97628115568173,49,0,0
top1_projection_gap,6,True,99.97628115568173,49,0,0
unrestricted_top8_projection_gap,6,True,99.97628115568173,49,0,2
final_measured_gap_top1_completion,6,True,99.97628115568173,49,0,0
strict_measured_top16,7,True,100.0,53,0,0
unrestricted_top16_projection_gap,7,True,100.0,53,0,5
current_action_projection_gap,7,True,100.0,53,0,5
top1_projection_gap,7,True,100.0,53,0,5
unrestricted_top8_projection_gap,7,True,98.80469208291558,52,1,8
final_measured_gap_top1_completion,7,True,100.0,53,0,0
strict_measured_top16,8,False,nan,,0,0
unrestricted_top16_projection_gap,8,True,94.49357316738103,49,5,10
current_action_projection_gap,8,True,94.48641031423527,48,4,11
top1_projection_gap,8,True,89.84280395143803,46,6,16
unrestricted_top8_projection_gap,8,True,94.44542160275832,50,5,14
final_measured_gap_top1_completion,8,True,88.0718901279644,45,5,0
strict_measured_top16,9,False,nan,,0,0
unrestricted_top16_projection_gap,9,True,97.87249606950803,49,2,12
current_action_projection_gap,9,True,96.44348143995774,49,2,12
top1_projection_gap,9,True,95.7182522134145,48,2,12
unrestricted_top8_projection_gap,9,True,90.49603078958181,45,6,14
final_measured_gap_top1_completion,9,True,91.25691367239133,47,2,0
strict_measured_top16,10,True,100.0,50,0,0
unrestricted_top16_projection_gap,10,True,100.0,50,0,2
current_action_projection_gap,10,True,100.0,50,0,2
top1_projection_gap,10,True,100.0,50,0,2
unrestricted_top8_projection_gap,10,True,98.77550279614496,48,3,8
final_measured_gap_top1_completion,10,True,100.0,50,0,0
strict_measured_top16,11,False,nan,,0,0
unrestricted_top16_projection_gap,11,True,94.88831260398699,50,2,5
current_action_projection_gap,11,True,94.88831260398699,50,2,5
top1_projection_gap,11,True,94.56355778149205,50,2,5
unrestricted_top8_projection_gap,11,True,94.1300612678648,49,4,10
final_measured_gap_top1_completion,11,True,91.39766548767436,50,2,0
strict_measured_top16,12,True,99.43383607366329,49,0,0
unrestricted_top16_projection_gap,12,True,99.43383607366329,49,0,3
current_action_projection_gap,12,True,99.43383607366329,49,0,3
top1_projection_gap,12,True,99.43383607366329,49,0,3
unrestricted_top8_projection_gap,12,True,97.2918192616584,47,1,7
final_measured_gap_top1_completion,12,True,99.43383607366329,49,0,0
strict_measured_top16,13,True,99.56934033002918,49,0,0
unrestricted_top16_projection_gap,13,True,99.56934033002918,49,0,5
current_action_projection_gap,13,True,99.56934033002918,49,0,5
top1_projection_gap,13,True,99.56934033002918,49,0,5
unrestricted_top8_projection_gap,13,True,97.47422622168025,49,2,9
final_measured_gap_top1_completion,13,True,99.56934033002918,49,0,0
strict_measured_top16,14,False,nan,,0,0
unrestricted_top16_projection_gap,14,True,94.58427672321304,50,3,11
current_action_projection_gap,14,True,94.02802389004852,51,3,11
top1_projection_gap,14,True,93.92134056324824,51,3,11
unrestricted_top8_projection_gap,14,True,94.54648058392813,51,4,11
final_measured_gap_top1_completion,14,True,93.81883016735395,51,3,0
strict_measured_top16,15,False,nan,,0,0
unrestricted_top16_projection_gap,15,True,95.11018537734932,46,3,7
current_action_projection_gap,15,True,95.11018537734932,46,3,7
top1_projection_gap,15,True,93.08056564611964,45,4,8
unrestricted_top8_projection_gap,15,True,95.99088454807834,46,2,7
final_measured_gap_top1_completion,15,True,90.77895172655965,43,4,0
strict_measured_top16,16,False,nan,,0,0
unrestricted_top16_projection_gap,16,True,99.27106058905125,53,2,7
current_action_projection_gap,16,True,99.27106058905125,53,2,7
top1_projection_gap,16,True,99.27106058905125,53,2,7
unrestricted_top8_projection_gap,16,True,96.54175400680042,51,4,12
final_measured_gap_top1_completion,16,True,99.27106058905125,53,2,0
strict_measured_top16,17,False,nan,,0,0
unrestricted_top16_projection_gap,17,True,99.11280800284523,49,1,5
current_action_projection_gap,17,True,98.23568731370653,48,1,5
top1_projection_gap,17,True,96.80094839474971,48,1,5
unrestricted_top8_projection_gap,17,True,99.11280800284523,49,2,7
final_measured_gap_top1_completion,17,True,94.10246824560716,46,1,0
strict_measured_top16,18,True,98.87154469178382,54,0,0
unrestricted_top16_projection_gap,18,True,98.87154469178382,54,0,7
current_action_projection_gap,18,True,98.87154469178382,54,0,7
top1_projection_gap,18,True,98.87154469178382,54,0,7
unrestricted_top8_projection_gap,18,True,98.29034247488957,53,4,9
final_measured_gap_top1_completion,18,True,98.87154469178382,54,0,0
strict_measured_top16,19,False,nan,,0,0
unrestricted_top16_projection_gap,19,True,97.82274139375312,48,1,3
current_action_projection_gap,19,True,96.91188694225636,47,1,3
top1_projection_gap,19,True,96.02722772886602,47,1,3
unrestricted_top8_projection_gap,19,True,96.91188694225636,47,1,4
final_measured_gap_top1_completion,19,True,94.64875205370345,45,1,0
strict_measured_top16,20,False,nan,,0,0
unrestricted_top16_projection_gap,20,True,97.77461123241032,50,1,6
current_action_projection_gap,20,True,97.77461123241032,50,1,6
top1_projection_gap,20,True,97.77461123241032,50,1,6
unrestricted_top8_projection_gap,20,True,95.47139119850561,49,4,11
final_measured_gap_top1_completion,20,True,97.77461123241032,50,1,0
strict_measured_top16,21,False,nan,,0,0
unrestricted_top16_projection_gap,21,True,97.55257494736156,51,1,4
current_action_projection_gap,21,True,97.55257494736156,51,1,4
top1_projection_gap,21,True,96.50760774094289,53,1,4
unrestricted_top8_projection_gap,21,True,97.55257494736156,51,1,6
final_measured_gap_top1_completion,21,True,96.50760774094289,53,1,0
strict_measured_top16,22,True,99.56634918824783,44,0,0
unrestricted_top16_projection_gap,22,True,99.56634918824783,44,0,3
current_action_projection_gap,22,True,99.56634918824783,44,0,3
top1_projection_gap,22,True,99.56634918824783,44,0,3
unrestricted_top8_projection_gap,22,True,96.95386877973569,42,1,5
final_measured_gap_top1_completion,22,True,99.56634918824783,44,0,0
strict_measured_top16,23,True,100.0,45,0,0
unrestricted_top16_projection_gap,23,True,100.0,45,0,3
current_action_projection_gap,23,True,100.0,45,0,3
top1_projection_gap,23,True,100.0,45,0,3
unrestricted_top8_projection_gap,23,True,97.9355159009948,45,3,7
final_measured_gap_top1_completion,23,True,100.0,45,0,0
strict_measured_top16,24,False,nan,,0,0
unrestricted_top16_projection_gap,24,True,96.11879847273869,48,3,8
current_action_projection_gap,24,True,93.74885715503385,46,3,8
top1_projection_gap,24,True,93.15645480243529,46,3,8
unrestricted_top8_projection_gap,24,True,94.45915019458707,47,5,12
final_measured_gap_top1_completion,24,True,93.10201782499776,46,3,0
strict_measured_top16,25,True,99.90946549510639,54,0,0
unrestricted_top16_projection_gap,25,True,99.90946549510639,54,0,3
current_action_projection_gap,25,True,99.90946549510639,54,0,3
top1_projection_gap,25,True,99.90946549510639,54,0,3
unrestricted_top8_projection_gap,25,True,98.12374741786753,53,3,10
final_measured_gap_top1_completion,25,True,99.90946549510639,54,0,0
strict_measured_top16,26,True,100.0,52,0,0
unrestricted_top16_projection_gap,26,True,100.0,52,0,3
current_action_projection_gap,26,True,100.0,52,0,3
top1_projection_gap,26,True,100.0,52,0,3
unrestricted_top8_projection_gap,26,True,97.05557682424143,51,3,8
final_measured_gap_top1_completion,26,True,100.0,52,0,0
strict_measured_top16,27,False,nan,,0,0
unrestricted_top16_projection_gap,27,True,99.37084064207971,47,2,7
current_action_projection_gap,27,True,95.006130054411,45,2,7
top1_projection_gap,27,True,91.87524023378316,43,3,8
unrestricted_top8_projection_gap,27,True,99.25284229863016,48,2,10
final_measured_gap_top1_completion,27,True,86.7389567548966,43,4,0
strict_measured_top16,28,True,99.90794477148276,48,0,0
unrestricted_top16_projection_gap,28,True,99.90794477148276,48,0,3
current_action_projection_gap,28,True,99.90794477148276,48,0,3
top1_projection_gap,28,True,99.90794477148276,48,0,3
unrestricted_top8_projection_gap,28,True,99.90794477148276,48,0,4
final_measured_gap_top1_completion,28,True,99.90794477148276,48,0,0
strict_measured_top16,29,False,nan,,0,0
unrestricted_top16_projection_gap,29,True,98.34683370006674,53,2,5
current_action_projection_gap,29,True,98.23824857671437,53,1,5
top1_projection_gap,29,True,98.23824857671437,53,1,5
unrestricted_top8_projection_gap,29,True,97.01731743387656,52,3,8
final_measured_gap_top1_completion,29,True,98.22090292996667,53,1,0
strict_measured_top16,30,False,nan,,0,0
unrestricted_top16_projection_gap,30,True,98.47246025402455,49,2,6
current_action_projection_gap,30,True,97.70584399412729,50,1,7
top1_projection_gap,30,True,96.13231394604536,48,2,6
unrestricted_top8_projection_gap,30,True,97.32444323087965,49,3,11
final_measured_gap_top1_completion,30,True,95.42095934197984,48,2,0
strict_measured_top16,31,True,99.74866760114215,46,0,0
unrestricted_top16_projection_gap,31,True,99.74866760114215,46,0,3
current_action_projection_gap,31,True,99.74866760114215,46,0,3
top1_projection_gap,31,True,99.74866760114215,46,0,3
unrestricted_top8_projection_gap,31,True,97.33716941511004,45,1,9
final_measured_gap_top1_completion,31,True,99.74866760114215,46,0,0
strict_measured_top16,32,True,100.00000000000001,46,0,0
unrestricted_top16_projection_gap,32,True,100.00000000000001,46,0,1
current_action_projection_gap,32,True,100.00000000000001,46,0,1
top1_projection_gap,32,True,100.00000000000001,46,0,1
unrestricted_top8_projection_gap,32,True,99.00707472827014,46,1,5
final_measured_gap_top1_completion,32,True,100.00000000000001,46,0,0
strict_measured_top16,33,False,nan,,0,0
unrestricted_top16_projection_gap,33,True,98.50773412868818,57,1,8
current_action_projection_gap,33,True,98.50773412868818,57,1,8
top1_projection_gap,33,True,97.6569051111212,57,1,8
unrestricted_top8_projection_gap,33,True,97.9462011026757,58,4,12
final_measured_gap_top1_completion,33,True,97.16215876108257,56,1,0
strict_measured_top16,34,True,99.85858354396119,49,0,0
unrestricted_top16_projection_gap,34,True,99.85858354396119,49,0,3
current_action_projection_gap,34,True,99.85858354396119,49,0,3
top1_projection_gap,34,True,99.85858354396119,49,0,3
unrestricted_top8_projection_gap,34,True,95.91917171166085,47,2,6
final_measured_gap_top1_completion,34,True,99.85858354396119,49,0,0
strict_measured_top16,35,False,nan,,0,0
unrestricted_top16_projection_gap,35,True,98.54945114432898,56,2,9
current_action_projection_gap,35,True,96.12827556444036,54,3,10
top1_projection_gap,35,True,97.76660900650154,55,2,9
unrestricted_top8_projection_gap,35,True,97.45898107936732,55,3,12
final_measured_gap_top1_completion,35,True,94.85427982404643,53,3,0
strict_measured_top16,36,False,nan,,0,0
unrestricted_top16_projection_gap,36,True,98.80275890323698,49,1,6
current_action_projection_gap,36,True,98.80275890323698,49,1,6
top1_projection_gap,36,True,97.1448309973381,49,1,6
unrestricted_top8_projection_gap,36,True,96.69591515423195,51,1,9
final_measured_gap_top1_completion,36,True,96.09067101956614,48,1,0
strict_measured_top16,37,False,nan,,0,0
unrestricted_top16_projection_gap,37,True,96.02020499147024,48,2,7
current_action_projection_gap,37,True,96.02020499147024,48,2,7
top1_projection_gap,37,True,96.02020499147024,48,2,7
unrestricted_top8_projection_gap,37,True,94.79442686317807,48,3,12
final_measured_gap_top1_completion,37,True,89.95713567867979,46,3,0
strict_measured_top16,38,True,99.46859359940517,52,0,0
unrestricted_top16_projection_gap,38,True,99.46859359940517,52,0,4
current_action_projection_gap,38,True,99.46859359940517,52,0,4
top1_projection_gap,38,True,99.46859359940517,52,0,4
unrestricted_top8_projection_gap,38,True,95.22344062253418,49,3,8
final_measured_gap_top1_completion,38,True,99.46859359940517,52,0,0
strict_measured_top16,39,False,nan,,0,0
unrestricted_top16_projection_gap,39,True,97.62238081770096,50,1,5
current_action_projection_gap,39,True,97.62238081770096,50,1,5
top1_projection_gap,39,True,97.62238081770096,50,1,5
unrestricted_top8_projection_gap,39,True,95.94012369868689,51,2,10
final_measured_gap_top1_completion,39,True,97.54968756054326,49,1,0
strict_measured_top16,40,False,nan,,0,0
unrestricted_top16_projection_gap,40,True,98.21411514410332,52,1,5
current_action_projection_gap,40,True,97.77052162774831,52,1,5
top1_projection_gap,40,True,97.70471001080894,52,1,5
unrestricted_top8_projection_gap,40,True,96.99327878040722,51,3,9
final_measured_gap_top1_completion,40,True,96.26067619474854,51,1,0
strict_measured_top16,41,True,99.87407690758003,52,0,0
unrestricted_top16_projection_gap,41,True,99.87407690758003,52,0,8
current_action_projection_gap,41,True,99.87407690758003,52,0,8
top1_projection_gap,41,True,99.87407690758003,52,0,8
unrestricted_top8_projection_gap,41,True,97.03909725054137,50,2,10
final_measured_gap_top1_completion,41,True,99.87407690758003,52,0,0
strict_measured_top16,42,False,nan,,0,0
unrestricted_top16_projection_gap,42,True,97.05259813805216,49,2,8
current_action_projection_gap,42,True,95.90131279175294,49,2,8
top1_projection_gap,42,True,95.49929753806968,48,2,8
unrestricted_top8_projection_gap,42,True,96.20829604158176,48,3,9
final_measured_gap_top1_completion,42,True,95.01329465856566,48,2,0
strict_measured_top16,43,False,nan,,0,0
unrestricted_top16_projection_gap,43,True,97.15189298111835,47,2,8
current_action_projection_gap,43,True,97.15189298111835,47,2,8
top1_projection_gap,43,True,94.44440808263066,46,2,8
unrestricted_top8_projection_gap,43,True,95.12210124449115,46,4,11
final_measured_gap_top1_completion,43,True,94.13928160280416,46,2,0
strict_measured_top16,44,False,nan,,0,0
unrestricted_top16_projection_gap,44,True,94.54706891550829,49,3,11
current_action_projection_gap,44,True,94.37036800339548,49,3,10
top1_projection_gap,44,True,93.22828048897841,48,3,10
unrestricted_top8_projection_gap,44,True,94.3147084652641,49,4,13
final_measured_gap_top1_completion,44,True,91.8712141832694,48,3,0
strict_measured_top16,45,False,nan,,0,0
unrestricted_top16_projection_gap,45,True,96.94262505312302,49,2,5
current_action_projection_gap,45,True,96.94262505312302,49,2,5
top1_projection_gap,45,True,96.94262505312302,49,2,5
unrestricted_top8_projection_gap,45,True,96.94262505312302,49,2,8
final_measured_gap_top1_completion,45,True,96.94262505312302,49,2,0
strict_measured_top16,46,True,98.92536320032835,53,0,0
unrestricted_top16_projection_gap,46,True,98.92536320032835,53,0,7
current_action_projection_gap,46,True,98.92536320032835,53,0,7
top1_projection_gap,46,True,98.92536320032835,53,0,7
unrestricted_top8_projection_gap,46,True,97.54109729276449,52,1,5
final_measured_gap_top1_completion,46,True,98.92536320032835,53,0,0
strict_measured_top16,47,False,nan,,0,0
unrestricted_top16_projection_gap,47,True,99.3547003529848,52,1,7
current_action_projection_gap,47,True,98.30008171298861,51,1,7
top1_projection_gap,47,True,97.73385169205946,51,1,7
unrestricted_top8_projection_gap,47,True,97.6763978074272,52,3,13
final_measured_gap_top1_completion,47,True,97.73385169205946,51,1,0
strict_measured_top16,48,False,nan,,0,0
unrestricted_top16_projection_gap,48,True,98.16353048285545,53,1,8
current_action_projection_gap,48,True,98.16353048285545,53,1,8
top1_projection_gap,48,True,96.87926472614103,52,1,8
unrestricted_top8_projection_gap,48,True,92.82514967075294,49,4,9
final_measured_gap_top1_completion,48,True,96.87926472614103,52,1,0
strict_measured_top16,49,False,nan,,0,0
unrestricted_top16_projection_gap,49,True,99.86606730174093,51,1,5
current_action_projection_gap,49,True,99.86606730174093,51,1,5
top1_projection_gap,49,True,99.45532466309375,51,1,7
unrestricted_top8_projection_gap,49,True,99.09889592953876,51,2,8
final_measured_gap_top1_completion,49,True,99.45532466309375,51,1,0
strict_measured_top16,50,False,nan,,0,0
unrestricted_top16_projection_gap,50,True,94.21434969116933,48,5,10
current_action_projection_gap,50,True,94.37669412736922,48,2,8
top1_projection_gap,50,True,93.19278758086075,48,3,12
unrestricted_top8_projection_gap,50,True,93.51534858005066,46,4,13
final_measured_gap_top1_completion,50,True,89.34874866324716,46,4,0
strict_measured_top16,51,True,100.0,53,0,0
unrestricted_top16_projection_gap,51,True,100.0,53,0,7
current_action_projection_gap,51,True,100.0,53,0,7
top1_projection_gap,51,True,100.0,53,0,7
unrestricted_top8_projection_gap,51,True,97.6552689666083,51,1,11
final_measured_gap_top1_completion,51,True,100.0,53,0,0
strict_measured_top16,52,False,nan,,0,0
unrestricted_top16_projection_gap,52,True,99.05814386327374,50,1,7
current_action_projection_gap,52,True,99.05814386327374,50,1,7
top1_projection_gap,52,True,98.60665089948297,50,1,7
unrestricted_top8_projection_gap,52,True,94.99829025053324,46,3,8
final_measured_gap_top1_completion,52,True,98.60665089948297,50,1,0
strict_measured_top16,53,False,nan,,0,0
unrestricted_top16_projection_gap,53,True,97.48572512393496,48,2,7
current_action_projection_gap,53,True,96.08468169961431,48,2,7
top1_projection_gap,53,True,93.26002492543212,46,3,7
unrestricted_top8_projection_gap,53,True,96.00647062406784,47,3,8
final_measured_gap_top1_completion,53,True,91.52911195146264,45,3,0
strict_measured_top16,54,False,nan,,0,0
unrestricted_top16_projection_gap,54,True,97.07203496754933,50,1,4
current_action_projection_gap,54,True,97.07203496754933,50,1,4
top1_projection_gap,54,True,96.76416629905336,50,1,5
unrestricted_top8_projection_gap,54,True,97.31113594513532,50,1,6
final_measured_gap_top1_completion,54,True,96.76416629905336,50,1,0
strict_measured_top16,55,True,99.32676887799857,51,0,0
unrestricted_top16_projection_gap,55,True,99.32676887799857,51,0,4
current_action_projection_gap,55,True,99.32676887799857,51,0,4
top1_projection_gap,55,True,99.32676887799857,51,0,4
unrestricted_top8_projection_gap,55,True,99.32676887799857,51,0,4
final_measured_gap_top1_completion,55,True,99.32676887799857,51,0,0
strict_measured_top16,56,False,nan,,0,0
unrestricted_top16_projection_gap,56,True,97.08854396053319,48,1,5
current_action_projection_gap,56,True,97.08854396053319,48,1,5
top1_projection_gap,56,True,96.98271624028632,48,1,5
unrestricted_top8_projection_gap,56,True,95.1068377201142,47,3,8
final_measured_gap_top1_completion,56,True,96.98271624028632,48,1,0
strict_measured_top16,57,False,nan,,0,0
unrestricted_top16_projection_gap,57,True,99.44215731329491,54,2,8
current_action_projection_gap,57,True,98.88269802600149,53,1,7
top1_projection_gap,57,True,98.35943507528698,53,1,6
unrestricted_top8_projection_gap,57,True,97.78256611408841,53,2,9
final_measured_gap_top1_completion,57,True,98.35943507528698,53,1,0
strict_measured_top16,58,False,nan,,0,0
unrestricted_top16_projection_gap,58,True,94.00291172821105,46,5,11
current_action_projection_gap,58,True,91.5790065488221,43,3,12
top1_projection_gap,58,True,90.8097929265724,42,3,12
unrestricted_top8_projection_gap,58,True,92.14130830626273,45,6,16
final_measured_gap_top1_completion,58,True,90.58816555650833,42,3,0
strict_measured_top16,59,False,nan,,0,0
unrestricted_top16_projection_gap,59,True,98.41368404678612,51,1,3
current_action_projection_gap,59,True,98.41368404678612,51,1,3
top1_projection_gap,59,True,98.41368404678612,51,1,3
unrestricted_top8_projection_gap,59,True,97.5003159760377,50,2,8
final_measured_gap_top1_completion,59,True,97.55039529823597,51,1,0
strict_measured_top16,60,True,99.54031442142079,55,0,0
unrestricted_top16_projection_gap,60,True,99.54031442142079,55,0,5
current_action_projection_gap,60,True,99.54031442142079,55,0,5
top1_projection_gap,60,True,99.54031442142079,55,0,5
unrestricted_top8_projection_gap,60,True,99.54031442142079,55,0,7
final_measured_gap_top1_completion,60,True,99.54031442142079,55,0,0
strict_measured_top16,61,False,nan,,0,0
unrestricted_top16_projection_gap,61,True,96.08562783509063,51,2,7
current_action_projection_gap,61,True,96.08562783509063,51,2,7
top1_projection_gap,61,True,95.853208779563,51,2,7
unrestricted_top8_projection_gap,61,True,96.08562783509063,51,2,8
final_measured_gap_top1_completion,61,True,93.8883800745835,50,2,0
strict_measured_top16,62,True,99.68340975062547,51,0,0
unrestricted_top16_projection_gap,62,True,99.68340975062547,51,0,6
current_action_projection_gap,62,True,99.68340975062547,51,0,6
top1_projection_gap,62,True,99.68340975062547,51,0,6
unrestricted_top8_projection_gap,62,True,98.701633616133,50,1,9
final_measured_gap_top1_completion,62,True,99.68340975062547,51,0,0
strict_measured_top16,63,False,nan,,0,0
unrestricted_top16_projection_gap,63,True,97.32424205450279,53,1,3
current_action_projection_gap,63,True,97.32424205450279,53,1,3
top1_projection_gap,63,True,96.80729656476561,53,1,3
unrestricted_top8_projection_gap,63,True,95.4941839467826,53,2,5
final_measured_gap_top1_completion,63,True,96.80729656476561,53,1,0
strict_measured_top16,64,True,99.84968896890794,55,0,0
unrestricted_top16_projection_gap,64,True,99.84968896890794,55,0,2
current_action_projection_gap,64,True,99.84968896890794,55,0,2
top1_projection_gap,64,True,99.84968896890794,55,0,2
unrestricted_top8_projection_gap,64,True,97.74684406038737,54,4,12
final_measured_gap_top1_completion,64,True,99.84968896890794,55,0,0
strict_measured_top16,65,False,nan,,0,0
unrestricted_top16_projection_gap,65,True,98.41691514196869,51,2,8
current_action_projection_gap,65,True,98.24796220873976,51,2,6
top1_projection_gap,65,True,97.31055936634682,49,2,8
unrestricted_top8_projection_gap,65,True,98.55921524164779,51,4,10
final_measured_gap_top1_completion,65,True,97.31055936634682,49,2,0
strict_measured_top16,66,True,100.0,46,0,0
unrestricted_top16_projection_gap,66,True,100.0,46,0,4
current_action_projection_gap,66,True,100.0,46,0,4
top1_projection_gap,66,True,100.0,46,0,4
unrestricted_top8_projection_gap,66,True,96.89445731596284,45,2,10
final_measured_gap_top1_completion,66,True,100.0,46,0,0
strict_measured_top16,67,False,nan,,0,0
unrestricted_top16_projection_gap,67,True,97.14244708470484,49,1,4
current_action_projection_gap,67,True,97.14244708470484,49,1,4
top1_projection_gap,67,True,96.98499798045286,49,1,4
unrestricted_top8_projection_gap,67,True,97.03087015317296,49,1,7
final_measured_gap_top1_completion,67,True,96.98499798045286,49,1,0
strict_measured_top16,68,False,nan,,0,0
unrestricted_top16_projection_gap,68,True,96.46761046339587,53,2,8
current_action_projection_gap,68,True,95.82336677030817,53,2,8
top1_projection_gap,68,True,95.12237672943859,52,2,7
unrestricted_top8_projection_gap,68,True,95.16283838675274,53,4,12
final_measured_gap_top1_completion,68,True,94.6561480636086,52,2,0
strict_measured_top16,69,False,nan,,0,0
unrestricted_top16_projection_gap,69,True,98.64542644297937,53,1,6
current_action_projection_gap,69,True,98.64542644297937,53,1,6
top1_projection_gap,69,True,96.66335147990381,52,1,6
unrestricted_top8_projection_gap,69,True,96.52043622787124,50,2,10
final_measured_gap_top1_completion,69,True,95.76730007966266,52,1,0
strict_measured_top16,70,False,nan,,0,0
unrestricted_top16_projection_gap,70,True,98.18074230560666,47,3,6
current_action_projection_gap,70,True,98.4461787441087,47,1,5
top1_projection_gap,70,True,98.4461787441087,47,1,5
unrestricted_top8_projection_gap,70,True,96.29327263126311,45,4,14
final_measured_gap_top1_completion,70,True,94.73136096994357,45,1,0
strict_measured_top16,71,False,nan,,0,0
unrestricted_top16_projection_gap,71,True,94.951580330784,49,3,7
current_action_projection_gap,71,True,93.42010207438469,50,3,9
top1_projection_gap,71,True,92.19696689452321,49,3,9
unrestricted_top8_projection_gap,71,True,93.57415459785925,48,4,10
final_measured_gap_top1_completion,71,True,91.7329597054626,48,3,0
strict_measured_top16,72,False,nan,,0,0
unrestricted_top16_projection_gap,72,True,94.45429015905867,51,4,16
current_action_projection_gap,72,True,93.81442177329487,50,4,16
top1_projection_gap,72,True,91.95896649624456,49,4,16
unrestricted_top8_projection_gap,72,True,93.12856722808256,49,6,17
final_measured_gap_top1_completion,72,True,91.95896649624456,49,4,0
strict_measured_top16,73,False,nan,,0,0
unrestricted_top16_projection_gap,73,True,97.60290806881531,50,2,8
current_action_projection_gap,73,True,96.7872564892416,49,2,8
top1_projection_gap,73,True,96.58877793075246,49,2,8
unrestricted_top8_projection_gap,73,True,94.4402349826059,48,4,12
final_measured_gap_top1_completion,73,True,96.58877793075246,49,2,0
strict_measured_top16,74,False,nan,,0,0
unrestricted_top16_projection_gap,74,True,97.80435532415919,48,1,10
current_action_projection_gap,74,True,97.22789752608526,47,1,10
top1_projection_gap,74,True,96.17567382372441,46,1,10
unrestricted_top8_projection_gap,74,True,98.0099951473308,48,3,11
final_measured_gap_top1_completion,74,True,96.17567382372441,46,1,0
strict_measured_top16,75,True,99.80590137887188,49,0,0
unrestricted_top16_projection_gap,75,True,99.80590137887188,49,0,7
current_action_projection_gap,75,True,99.80590137887188,49,0,7
top1_projection_gap,75,True,99.80590137887188,49,0,7
unrestricted_top8_projection_gap,75,True,96.00616163060863,46,2,10
final_measured_gap_top1_completion,75,True,99.80590137887188,49,0,0
strict_measured_top16,76,False,nan,,0,0
unrestricted_top16_projection_gap,76,True,96.53869060726792,50,3,9
current_action_projection_gap,76,True,96.0058218693212,50,2,9
top1_projection_gap,76,True,94.1011043634282,49,2,9
unrestricted_top8_projection_gap,76,True,95.42683307208846,50,3,13
final_measured_gap_top1_completion,76,True,94.1011043634282,49,2,0
strict_measured_top16,77,True,99.79347194000937,47,0,0
unrestricted_top16_projection_gap,77,True,99.79347194000937,47,0,5
current_action_projection_gap,77,True,99.79347194000937,47,0,5
top1_projection_gap,77,True,99.79347194000937,47,0,5
unrestricted_top8_projection_gap,77,True,96.67658638683336,45,2,7
final_measured_gap_top1_completion,77,True,99.79347194000937,47,0,0
strict_measured_top16,78,False,nan,,0,0
unrestricted_top16_projection_gap,78,True,97.25720965172314,51,2,10
current_action_projection_gap,78,True,94.66294904366572,50,2,10
top1_projection_gap,78,True,93.84128741160126,49,2,10
unrestricted_top8_projection_gap,78,True,92.51392843335388,48,5,14
final_measured_gap_top1_completion,78,True,96.23344432027031,50,1,0
strict_measured_top16,79,False,nan,,0,0
unrestricted_top16_projection_gap,79,True,98.86789466924184,55,1,7
current_action_projection_gap,79,True,98.86789466924184,55,1,7
top1_projection_gap,79,True,98.86789466924184,55,1,7
unrestricted_top8_projection_gap,79,True,97.52971614759879,54,2,9
final_measured_gap_top1_completion,79,True,98.86789466924184,55,1,0
strict_measured_top16,80,False,nan,,0,0
unrestricted_top16_projection_gap,80,True,97.28127541037112,49,3,7
current_action_projection_gap,80,True,97.17410834399337,50,2,7
top1_projection_gap,80,True,97.17410834399337,50,2,7
unrestricted_top8_projection_gap,80,True,97.26801244637355,49,3,9
final_measured_gap_top1_completion,80,True,97.13816951093213,50,2,0
strict_measured_top16,81,True,98.74966761386116,48,0,0
unrestricted_top16_projection_gap,81,True,99.13505638874057,48,1,5
current_action_projection_gap,81,True,99.13505638874057,48,1,5
top1_projection_gap,81,True,98.74966761386116,48,0,6
unrestricted_top8_projection_gap,81,True,97.3196599022466,46,4,13
final_measured_gap_top1_completion,81,True,98.74966761386116,48,0,0
strict_measured_top16,82,False,nan,,0,0
unrestricted_top16_projection_gap,82,True,96.94792875467087,48,3,8
current_action_projection_gap,82,True,96.43876146981225,49,2,8
top1_projection_gap,82,True,95.75554867510326,49,2,8
unrestricted_top8_projection_gap,82,True,95.03901615877896,47,4,9
final_measured_gap_top1_completion,82,True,95.75554867510326,49,2,0
strict_measured_top16,83,False,nan,,0,0
unrestricted_top16_projection_gap,83,True,98.2937848170941,51,1,6
current_action_projection_gap,83,True,98.2937848170941,51,1,6
top1_projection_gap,83,True,98.11832082984743,51,1,6
unrestricted_top8_projection_gap,83,True,97.65973472632263,51,2,8
final_measured_gap_top1_completion,83,True,98.11832082984743,51,1,0
strict_measured_top16,84,False,nan,,0,0
unrestricted_top16_projection_gap,84,True,97.68560836558726,55,2,8
current_action_projection_gap,84,True,97.04247535479422,55,2,8
top1_projection_gap,84,True,95.76521513302872,54,2,8
unrestricted_top8_projection_gap,84,True,96.56435499917508,54,3,11
final_measured_gap_top1_completion,84,True,93.03102971809246,52,2,0
strict_measured_top16,85,False,nan,,0,0
unrestricted_top16_projection_gap,85,True,96.38785245966444,51,2,10
current_action_projection_gap,85,True,96.38785245966444,51,2,10
top1_projection_gap,85,True,94.55089968457831,50,2,11
unrestricted_top8_projection_gap,85,True,95.86678434278943,50,3,12
final_measured_gap_top1_completion,85,True,95.44442500137501,50,2,0
strict_measured_top16,86,False,nan,,0,0
unrestricted_top16_projection_gap,86,True,96.96165894133297,52,2,10
current_action_projection_gap,86,True,95.93053327997926,50,1,11
top1_projection_gap,86,True,95.93053327997926,50,1,11
unrestricted_top8_projection_gap,86,True,96.84756293062212,51,2,11
final_measured_gap_top1_completion,86,True,95.93053327997926,50,1,0
strict_measured_top16,87,False,nan,,0,0
unrestricted_top16_projection_gap,87,True,97.06655356741541,52,3,13
current_action_projection_gap,87,True,96.04517375231589,52,3,14
top1_projection_gap,87,True,93.68461441839352,51,3,14
unrestricted_top8_projection_gap,87,True,93.41642510683448,50,5,15
final_measured_gap_top1_completion,87,True,92.14017859220762,50,3,0
strict_measured_top16,88,False,nan,,0,0
unrestricted_top16_projection_gap,88,True,97.27540347551917,47,1,7
current_action_projection_gap,88,True,97.27540347551917,47,1,7
top1_projection_gap,88,True,97.27540347551917,47,1,7
unrestricted_top8_projection_gap,88,True,94.78235184351716,46,3,11
final_measured_gap_top1_completion,88,True,97.27540347551917,47,1,0
strict_measured_top16,89,False,nan,,0,0
unrestricted_top16_projection_gap,89,True,96.42993943855856,55,2,7
current_action_projection_gap,89,True,96.42993943855856,55,2,7
top1_projection_gap,89,True,94.02296451974134,53,2,7
unrestricted_top8_projection_gap,89,True,95.03160909277538,54,3,10
final_measured_gap_top1_completion,89,True,92.70573309405644,53,2,0
strict_measured_top16,90,False,nan,,0,0
unrestricted_top16_projection_gap,90,True,98.57939575169979,54,1,7
current_action_projection_gap,90,True,97.89578589513631,54,1,6
top1_projection_gap,90,True,97.49196044422798,53,1,6
unrestricted_top8_projection_gap,90,True,97.89578589513631,54,1,9
final_measured_gap_top1_completion,90,True,95.40294444999056,52,1,0
strict_measured_top16,91,False,nan,,0,0
unrestricted_top16_projection_gap,91,True,97.5445678199157,53,1,6
current_action_projection_gap,91,True,96.40968888083178,53,1,6
top1_projection_gap,91,True,95.46083360710689,52,1,6
unrestricted_top8_projection_gap,91,True,98.82874244313601,52,1,6
final_measured_gap_top1_completion,91,True,94.06508590339365,52,1,0
strict_measured_top16,92,False,nan,,0,0
unrestricted_top16_projection_gap,92,True,97.40677738969507,49,2,7
current_action_projection_gap,92,True,97.40677738969507,49,2,7
top1_projection_gap,92,True,94.25188862428024,48,3,9
unrestricted_top8_projection_gap,92,True,93.19242616972372,47,5,11
final_measured_gap_top1_completion,92,True,91.50536555250656,46,4,0
strict_measured_top16,93,True,98.53009945536878,50,0,0
unrestricted_top16_projection_gap,93,True,98.53009945536878,50,0,3
current_action_projection_gap,93,True,98.53009945536878,50,0,3
top1_projection_gap,93,True,98.53009945536878,50,0,3
unrestricted_top8_projection_gap,93,True,97.51678964904538,49,1,4
final_measured_gap_top1_completion,93,True,98.53009945536878,50,0,0
strict_measured_top16,94,False,nan,,0,0
unrestricted_top16_projection_gap,94,True,96.89256725050365,48,2,6
current_action_projection_gap,94,True,93.91255839298957,46,2,6
top1_projection_gap,94,True,93.5733170742265,46,2,6
unrestricted_top8_projection_gap,94,True,95.33821932564265,48,4,13
final_measured_gap_top1_completion,94,True,91.04304926418682,45,3,0
strict_measured_top16,95,False,nan,,0,0
unrestricted_top16_projection_gap,95,True,94.35629009626558,47,3,8
current_action_projection_gap,95,True,94.23583887870376,47,2,8
top1_projection_gap,95,True,90.82550401045515,47,3,8
unrestricted_top8_projection_gap,95,True,90.10768496073854,45,6,12
final_measured_gap_top1_completion,95,True,88.84677602747935,45,3,0
strict_measured_top16,96,False,nan,,0,0
unrestricted_top16_projection_gap,96,True,97.83801820957075,52,1,4
current_action_projection_gap,96,True,97.83801820957075,52,1,4
top1_projection_gap,96,True,97.83801820957075,52,1,4
unrestricted_top8_projection_gap,96,True,96.77977482860082,50,2,8
final_measured_gap_top1_completion,96,True,96.03579463235303,51,1,0
strict_measured_top16,97,False,nan,,0,0
unrestricted_top16_projection_gap,97,True,95.87606560124874,47,3,7
current_action_projection_gap,97,True,95.58514755287698,49,1,8
top1_projection_gap,97,True,94.93766515527744,48,1,9
unrestricted_top8_projection_gap,97,True,94.25092904259823,47,4,12
final_measured_gap_top1_completion,97,True,95.06910388939117,49,1,0
strict_measured_top16,98,False,nan,,0,0
unrestricted_top16_projection_gap,98,True,99.08616149075458,49,1,6
current_action_projection_gap,98,True,97.21813202540565,49,1,5
top1_projection_gap,98,True,96.32970770087118,48,1,5
unrestricted_top8_projection_gap,98,True,97.48808634708658,49,3,12
final_measured_gap_top1_completion,98,True,96.32970770087118,48,1,0
strict_measured_top16,99,False,nan,,0,0
unrestricted_top16_projection_gap,99,True,98.80630470030053,52,1,6
current_action_projection_gap,99,True,98.62745503189747,52,1,6
top1_projection_gap,99,True,97.22520764937492,51,1,6
unrestricted_top8_projection_gap,99,True,96.62033966698759,51,2,9
final_measured_gap_top1_completion,99,True,97.22520764937492,51,1,0
