round,UE1_d1,UE1_d2,UE1_d3,UE1_r1,UE1_r2,UE1_r3,UE1_s1,UE1_s2,UE1_s3,UE1_asgn,UE1_near,UE1_ok,UE2_d1,UE2_d2,UE2_d3,UE2_r1,UE2_r2,UE2_r3,UE2_s1,UE2_s2,UE2_s3,UE2_asgn,UE2_near,UE2_ok,UE3_d1,UE3_d2,UE3_d3,UE3_r1,UE3_r2,UE3_r3,UE3_s1,UE3_s2,UE3_s3,UE3_asgn,UE3_near,UE3_ok,UE4_d1,UE4_d2,UE4_d3,UE4_r1,UE4_r2,UE4_r3,UE4_s1,UE4_s2,UE4_s3,UE4_asgn,UE4_near,UE4_ok
1,202.3,130.7,133.3,2.88,5.5,5.78,8.0,16.5,17.3,O-RU3,O-RU2,MISS,162.9,125.8,164.2,4.16,13.28,0.0,12.3,40.0,0.0,O-RU2,O-RU2,OK,184.6,219.0,76.8,10.66,2.88,6.88,32.1,8.1,20.7,O-RU1,O-RU3,MISS,188.4,144.8,125.5,0.0,4.7,12.99,0.0,14.0,39.1,O-RU3,O-RU3,OK
2,231.5,133.8,126.5,2.67,5.39,12.01,7.3,16.1,36.1,O-RU3,O-RU3,OK,175.7,100.7,184.5,4.0,7.45,0.0,11.8,22.4,0.0,O-RU2,O-RU2,OK,158.5,231.5,101.5,4.98,2.77,6.38,14.8,7.7,19.1,O-RU1,O-RU3,MISS,206.9,157.2,105.9,0.0,4.53,7.04,0.0,13.5,21.1,O-RU3,O-RU3,OK
3,231.5,133.8,126.5,2.6,5.34,5.81,7.0,16.0,17.4,O-RU2,O-RU3,MISS,175.7,100.7,184.5,3.88,7.88,0.0,11.4,23.7,0.0,O-RU2,O-RU2,OK,158.5,231.5,101.5,4.98,2.77,6.36,14.9,7.6,19.1,O-RU3,O-RU3,OK,206.9,157.2,105.9,0.0,4.4,13.73,0.0,13.0,41.3,O-RU3,O-RU3,OK
4,231.5,133.8,126.5,2.59,5.44,5.7,7.0,16.3,17.1,O-RU2,O-RU3,MISS,191.1,76.1,206.0,3.76,8.34,0.0,11.0,25.1,0.0,O-RU2,O-RU2,OK,143.2,233.0,117.1,5.16,2.86,6.17,15.4,8.0,18.5,O-RU3,O-RU3,OK,226.3,171.9,88.2,0.0,4.27,7.6,0.0,12.6,22.8,O-RU3,O-RU3,OK
5,248.0,135.4,128.6,2.55,5.79,5.32,6.8,17.4,15.9,O-RU3,O-RU3,OK,191.1,76.1,206.0,3.56,15.88,0.0,10.3,47.8,0.0,O-RU2,O-RU2,OK,143.2,233.0,117.1,5.47,3.01,5.82,16.4,8.5,17.4,O-RU3,O-RU3,OK,226.3,171.9,88.2,0.0,9.94,8.06,0.0,29.9,24.3,O-RU2,O-RU3,MISS
6,248.0,135.4,128.6,2.52,6.01,5.11,6.8,18.0,15.3,O-RU2,O-RU3,MISS,191.1,76.1,206.0,3.44,9.79,0.0,9.9,29.5,0.0,O-RU2,O-RU2,OK,143.2,233.0,117.1,5.66,3.1,5.62,17.0,8.8,16.8,O-RU1,O-RU3,MISS,226.3,171.9,88.2,0.0,3.92,8.33,0.0,11.5,25.1,O-RU3,O-RU3,OK
7,253.1,117.1,148.7,2.49,6.24,4.91,6.6,18.7,14.6,O-RU2,O-RU2,OK,208.5,52.7,228.5,3.31,10.42,0.0,9.5,31.4,0.0,O-RU2,O-RU2,OK,126.1,217.3,134.3,12.06,3.2,5.42,36.3,9.1,16.2,O-RU1,O-RU1,OK,246.4,188.3,73.7,0.0,3.79,8.59,0.0,11.1,25.8,O-RU3,O-RU3,OK
8,253.1,117.1,148.7,2.46,6.48,4.72,6.5,19.5,14.0,O-RU2,O-RU2,OK,208.5,52.7,228.5,3.19,11.11,0.0,9.1,33.5,0.0,O-RU2,O-RU2,OK,126.1,217.3,134.3,0.0,0.0,0.0,0.0,0.0,0.0,O-RU1,O-RU1,OK,246.4,188.3,73.7,0.0,0.0,0.0,0.0,0.0,0.0,O-RU1,O-RU3,MISS
9,253.1,117.1,148.7,2.43,6.73,4.53,6.4,20.2,13.5,O-RU2,O-RU2,OK,208.5,52.7,228.5,3.08,11.84,0.0,8.7,35.6,0.0,O-RU2,O-RU2,OK,126.1,217.3,134.3,6.24,3.39,11.1,18.7,9.8,33.4,O-RU3,O-RU1,MISS,246.4,188.3,73.7,0.0,3.54,9.02,0.0,10.3,27.1,O-RU3,O-RU3,OK
10,253.1,117.1,148.7,2.39,13.35,4.36,6.3,40.2,12.9,O-RU2,O-RU2,OK,208.5,52.7,228.5,2.96,19.69,0.0,8.3,59.3,0.0,O-RU2,O-RU2,OK,126.1,217.3,134.3,6.43,3.48,4.84,19.3,10.1,14.4,O-RU1,O-RU1,OK,246.4,188.3,73.7,7.74,0.0,9.09,23.3,0.0,27.4,O-RU3,O-RU3,OK
11,259.6,99.6,168.9,2.36,7.25,4.19,6.2,21.8,12.4,O-RU2,O-RU2,OK,227.6,33.1,251.6,2.85,20.41,0.0,7.9,61.4,0.0,O-RU2,O-RU2,OK,111.1,203.0,153.0,6.61,3.57,4.65,19.8,10.4,13.8,O-RU1,O-RU1,OK,263.4,202.9,65.7,0.0,3.48,9.09,0.0,10.1,27.4,O-RU3,O-RU3,OK
12,259.6,99.6,168.9,2.32,13.96,4.02,6.0,42.0,11.8,O-RU2,O-RU2,OK,227.6,33.1,251.6,2.73,20.85,0.0,7.5,62.8,0.0,O-RU2,O-RU2,OK,111.1,203.0,153.0,6.78,3.66,4.48,20.4,10.7,13.3,O-RU1,O-RU1,OK,263.4,202.9,65.7,0.0,3.47,16.18,0.0,10.0,48.7,O-RU3,O-RU3,OK
13,259.6,99.6,168.9,2.28,14.28,3.87,5.9,43.0,11.3,O-RU2,O-RU2,OK,227.6,33.1,251.6,2.77,20.34,0.0,7.6,61.2,0.0,O-RU2,O-RU2,OK,111.1,203.0,153.0,6.94,3.75,4.3,20.9,10.9,12.7,O-RU1,O-RU1,OK,263.4,202.9,65.7,0.0,9.21,9.79,0.0,27.7,29.5,O-RU3,O-RU3,OK
14,267.5,83.2,189.0,2.25,8.08,3.72,5.7,24.3,10.8,O-RU2,O-RU2,OK,234.5,32.0,264.9,2.94,19.02,0.0,8.3,57.2,0.0,O-RU2,O-RU2,OK,100.2,191.5,170.9,13.31,3.75,4.3,40.1,11.0,12.7,O-RU1,O-RU1,OK,244.7,204.4,56.3,0.0,3.43,16.79,0.0,9.9,50.6,O-RU3,O-RU3,OK
15,267.5,83.2,189.0,2.18,8.53,3.5,5.5,25.7,10.1,O-RU2,O-RU2,OK,234.5,32.0,264.9,3.26,10.35,0.0,9.3,31.2,0.0,O-RU2,O-RU2,OK,100.2,191.5,170.9,6.76,3.57,4.55,20.3,10.4,13.5,O-RU1,O-RU1,OK,244.7,204.4,56.3,0.0,3.37,10.11,0.0,9.7,30.4,O-RU3,O-RU3,OK
16,267.5,83.2,189.0,2.18,8.53,3.5,5.5,25.7,10.1,O-RU2,O-RU2,OK,234.5,32.0,264.9,3.46,16.27,0.0,10.0,49.0,0.0,O-RU2,O-RU2,OK,100.2,191.5,170.9,6.52,3.4,4.81,19.6,9.8,14.3,O-RU1,O-RU1,OK,218.8,210.2,55.1,0.0,3.32,16.77,0.0,9.5,50.5,O-RU3,O-RU3,OK
17,273.4,73.4,202.3,2.24,15.12,3.56,5.7,45.5,10.3,O-RU2,O-RU2,OK,203.6,60.0,254.3,3.68,8.85,0.0,10.7,26.6,0.0,O-RU2,O-RU2,OK,109.1,206.7,153.9,6.26,3.22,11.14,18.8,9.2,33.5,O-RU3,O-RU1,MISS,218.8,210.2,55.1,3.29,0.0,16.5,9.5,0.0,49.7,O-RU3,O-RU3,OK
18,273.4,73.4,202.3,2.36,8.5,3.68,6.2,25.6,10.7,O-RU2,O-RU2,OK,203.6,60.0,254.3,9.87,14.54,0.0,29.7,43.8,0.0,O-RU2,O-RU2,OK,109.1,206.7,153.9,5.88,2.99,5.41,17.6,8.4,16.2,O-RU1,O-RU1,OK,218.8,210.2,55.1,3.52,0.0,9.3,10.2,0.0,28.0,O-RU3,O-RU3,OK
19,273.4,73.4,202.3,2.45,8.43,3.77,6.5,25.4,11.0,O-RU2,O-RU2,OK,203.6,60.0,254.3,4.24,7.49,0.0,12.5,22.5,0.0,O-RU2,O-RU2,OK,109.1,206.7,153.9,5.59,2.83,11.84,16.7,7.9,35.6,O-RU3,O-RU1,MISS,218.8,210.2,55.1,3.69,0.0,8.91,10.8,0.0,26.8,O-RU3,O-RU3,OK
20,255.9,74.8,190.7,2.55,14.9,3.86,6.9,44.8,11.3,O-RU2,O-RU2,OK,172.6,90.1,247.1,4.51,7.0,0.0,13.4,21.0,0.0,O-RU2,O-RU2,OK,131.3,234.6,129.3,5.3,2.67,5.91,15.8,7.3,17.7,O-RU3,O-RU3,OK,193.9,219.8,68.1,3.87,0.0,15.07,11.3,0.0,45.4,O-RU3,O-RU3,OK
21,255.9,74.8,190.7,2.65,8.22,3.95,7.2,24.7,11.6,O-RU2,O-RU2,OK,172.6,90.1,247.1,4.8,6.56,0.0,14.3,19.7,0.0,O-RU2,O-RU2,OK,131.3,234.6,129.3,11.08,2.51,6.13,33.3,6.7,18.4,O-RU1,O-RU3,MISS,193.9,219.8,68.1,9.94,0.0,8.07,29.9,0.0,24.3,O-RU1,O-RU3,MISS
22,255.9,74.8,190.7,2.75,8.07,4.04,7.6,24.3,11.9,O-RU2,O-RU2,OK,172.6,90.1,247.1,5.1,6.15,0.0,15.2,18.4,0.0,O-RU2,O-RU2,OK,131.3,234.6,129.3,4.73,2.36,6.33,14.1,6.2,19.0,O-RU3,O-RU3,OK,193.9,219.8,68.1,4.24,0.0,7.66,12.5,0.0,23.0,O-RU3,O-RU3,OK
23,236.6,81.2,179.2,2.89,14.34,4.15,8.1,43.2,12.3,O-RU2,O-RU2,OK,141.8,120.7,243.7,5.54,5.65,0.0,16.6,16.9,0.0,O-RU2,O-RU2,OK,159.4,264.8,112.1,4.36,2.17,6.53,12.9,5.5,19.6,O-RU3,O-RU3,OK,170.6,232.7,89.4,4.49,0.0,13.52,13.3,0.0,40.7,O-RU3,O-RU3,OK
24,236.6,81.2,179.2,3.01,14.12,4.24,8.5,42.5,12.5,O-RU2,O-RU2,OK,141.8,120.7,243.7,5.9,5.31,0.0,17.7,15.9,0.0,O-RU1,O-RU2,MISS,159.4,264.8,112.1,4.1,2.04,6.62,12.1,4.9,19.9,O-RU3,O-RU3,OK,170.6,232.7,89.4,4.69,0.0,6.76,13.9,0.0,20.3,O-RU3,O-RU3,OK
25,236.6,81.2,179.2,3.12,7.47,4.32,8.9,22.5,12.8,O-RU2,O-RU2,OK,141.8,120.7,243.7,6.29,4.99,0.0,18.9,14.9,0.0,O-RU1,O-RU2,MISS,159.4,264.8,112.1,4.0,1.99,6.65,11.8,4.7,20.0,O-RU3,O-RU3,OK,170.6,232.7,89.4,4.88,0.0,12.68,14.5,0.0,38.2,O-RU3,O-RU3,OK
26,217.6,91.7,169.3,3.32,7.13,4.44,9.5,21.4,13.2,O-RU2,O-RU2,OK,111.1,151.4,244.2,7.02,4.5,0.0,21.1,13.4,0.0,O-RU1,O-RU1,OK,181.6,287.5,106.4,4.3,2.05,6.33,12.7,5.0,19.0,O-RU3,O-RU3,OK,149.4,248.6,114.4,5.21,0.0,5.84,15.6,0.0,17.5,O-RU3,O-RU3,OK
27,217.6,91.7,169.3,3.45,6.92,4.51,10.0,20.8,13.4,O-RU2,O-RU2,OK,111.1,151.4,244.2,7.5,4.24,0.0,22.6,12.5,0.0,O-RU1,O-RU1,OK,181.6,287.5,106.4,4.58,2.11,6.05,13.6,5.2,18.1,O-RU3,O-RU3,OK,149.4,248.6,114.4,5.39,0.0,5.53,16.1,0.0,16.5,O-RU3,O-RU3,OK
28,217.6,91.7,169.3,3.58,6.71,4.58,10.4,20.2,13.6,O-RU2,O-RU2,OK,80.6,182.3,248.7,8.05,3.99,0.0,24.2,11.7,0.0,O-RU1,O-RU1,OK,151.2,274.9,127.0,4.89,2.16,5.76,14.6,5.4,17.3,O-RU3,O-RU3,OK,131.6,266.7,141.2,5.58,0.0,5.23,16.7,0.0,15.6,O-RU1,O-RU1,OK
29,198.7,105.1,161.4,0.0,0.0,0.0,0.0,0.0,0.0,O-RU1,O-RU2,MISS,80.6,182.3,248.7,0.0,0.0,0.0,0.0,0.0,0.0,O-RU2,O-RU1,MISS,151.2,274.9,127.0,0.0,0.0,0.0,0.0,0.0,0.0,O-RU2,O-RU3,MISS,131.6,266.7,141.2,5.75,0.0,4.95,17.2,0.0,14.8,O-RU1,O-RU1,OK
30,198.7,105.1,161.4,3.94,6.16,4.72,11.6,18.5,14.0,O-RU2,O-RU2,OK,80.6,182.3,248.7,8.49,3.83,0.0,25.6,11.2,0.0,O-RU1,O-RU1,OK,151.2,274.9,127.0,5.82,2.29,5.02,17.4,5.9,15.0,O-RU1,O-RU3,MISS,131.6,266.7,141.2,6.01,7.34,4.51,18.0,22.1,13.4,O-RU2,O-RU1,MISS
31,198.7,105.1,161.4,9.99,5.96,0.0,30.1,17.9,0.0,O-RU1,O-RU2,MISS,80.0,181.9,245.4,14.4,4.08,0.0,43.3,12.0,0.0,O-RU1,O-RU1,OK,118.8,264.6,152.7,6.23,2.33,4.76,18.7,6.0,14.2,O-RU3,O-RU1,MISS,118.6,286.8,168.9,6.14,0.0,4.27,18.4,0.0,12.6,O-RU3,O-RU1,MISS
32,180.1,120.3,155.7,10.29,5.64,0.0,31.0,16.9,0.0,O-RU1,O-RU2,MISS,80.0,181.9,245.4,7.03,4.55,0.0,21.1,13.5,0.0,O-RU1,O-RU1,OK,118.8,264.6,152.7,6.99,2.39,4.34,21.0,6.3,12.9,O-RU3,O-RU1,MISS,118.6,286.8,168.9,6.15,0.0,4.28,18.4,0.0,12.7,O-RU3,O-RU1,MISS
33,180.1,120.3,155.7,4.5,5.45,4.85,13.4,16.3,14.4,O-RU2,O-RU2,OK,80.0,181.9,245.4,6.56,4.86,0.0,19.7,14.5,0.0,O-RU1,O-RU1,OK,118.8,264.6,152.7,7.21,2.4,4.24,21.7,6.3,12.5,O-RU1,O-RU1,OK,118.6,286.8,168.9,6.2,0.0,4.44,18.6,0.0,13.1,O-RU3,O-RU1,MISS
34,161.9,136.9,152.4,4.66,5.26,4.87,13.9,15.7,14.5,O-RU2,O-RU2,OK,111.4,149.0,233.9,6.14,5.19,0.0,18.4,15.5,0.0,O-RU2,O-RU1,MISS,95.1,259.4,172.8,7.1,2.43,4.33,21.3,6.4,12.8,O-RU1,O-RU1,OK,115.8,277.6,164.2,6.24,0.0,4.59,18.7,0.0,13.6,O-RU1,O-RU1,OK
35,161.9,136.9,152.4,4.95,4.97,0.0,14.7,14.8,0.0,O-RU2,O-RU2,OK,111.4,149.0,233.9,5.5,5.79,0.0,16.4,17.4,0.0,O-RU2,O-RU1,MISS,95.1,259.4,172.8,6.7,2.55,4.65,20.1,6.9,13.8,O-RU1,O-RU1,OK,115.8,277.6,164.2,12.49,0.0,4.83,37.6,0.0,14.4,O-RU1,O-RU1,OK
36,161.9,136.9,152.4,5.12,0.0,4.87,15.3,0.0,14.5,O-RU3,O-RU2,MISS,111.4,149.0,233.9,5.15,6.2,0.0,15.4,18.6,0.0,O-RU2,O-RU1,MISS,94.9,259.1,173.0,6.45,2.62,4.85,19.4,7.1,14.5,O-RU1,O-RU1,OK,116.3,251.3,148.7,12.45,0.0,11.04,37.5,0.0,33.2,O-RU1,O-RU1,OK
37,144.2,154.3,151.8,5.3,0.0,4.86,15.9,0.0,14.5,O-RU3,O-RU1,MISS,143.6,116.2,226.7,4.82,6.64,0.0,14.4,19.9,0.0,O-RU2,O-RU2,OK,110.5,245.9,152.4,6.22,2.69,5.06,18.7,7.4,15.1,O-RU1,O-RU1,OK,116.3,251.3,148.7,6.14,0.0,5.11,18.4,0.0,15.3,O-RU1,O-RU1,OK
38,144.2,154.3,151.8,5.62,0.0,4.83,16.8,0.0,14.4,O-RU3,O-RU1,MISS,143.6,116.2,226.7,4.33,13.91,0.0,12.8,41.9,0.0,O-RU2,O-RU2,OK,110.5,245.9,152.4,12.22,2.76,5.27,36.8,7.6,15.8,O-RU1,O-RU1,OK,116.3,251.3,148.7,5.99,0.0,5.31,18.0,0.0,15.9,O-RU1,O-RU1,OK
39,144.2,154.3,151.8,5.81,0.0,4.8,17.4,0.0,14.3,O-RU3,O-RU1,MISS,143.6,116.2,226.7,9.95,8.04,0.0,30.0,24.2,0.0,O-RU1,O-RU2,MISS,110.2,245.5,152.6,5.87,2.82,5.4,17.6,7.8,16.2,O-RU1,O-RU1,OK,123.0,225.2,136.9,5.88,0.0,11.55,17.6,0.0,34.8,O-RU3,O-RU1,MISS
40,127.3,172.3,153.9,12.23,0.0,4.76,36.8,0.0,14.2,O-RU1,O-RU1,OK,176.2,83.9,224.3,9.64,15.28,0.0,29.0,46.0,0.0,O-RU2,O-RU2,OK,122.1,237.2,138.9,5.6,2.93,5.68,16.8,8.2,17.0,O-RU3,O-RU1,MISS,123.0,225.2,136.9,5.75,0.0,5.51,17.2,0.0,16.5,O-RU1,O-RU1,OK
41,127.3,172.3,153.9,6.34,0.0,10.69,19.0,0.0,32.2,O-RU3,O-RU1,MISS,176.2,83.9,224.3,3.42,16.69,0.0,9.9,50.2,0.0,O-RU2,O-RU2,OK,122.1,237.2,138.9,5.17,3.12,6.16,15.5,8.9,18.5,O-RU3,O-RU1,MISS,123.0,225.2,136.9,5.51,0.0,5.63,16.5,0.0,16.9,O-RU1,O-RU1,OK
42,111.5,190.7,158.5,6.55,0.0,4.63,19.7,0.0,13.7,O-RU1,O-RU1,OK,209.0,52.7,226.8,3.2,17.7,0.0,9.1,53.3,0.0,O-RU2,O-RU2,OK,145.3,217.6,115.0,4.92,3.24,6.45,14.7,9.3,19.4,O-RU3,O-RU3,OK,135.0,199.5,129.9,5.35,0.0,5.68,16.0,0.0,17.0,O-RU3,O-RU3,OK
43,111.5,190.7,158.5,6.75,0.0,4.57,20.3,0.0,13.6,O-RU1,O-RU1,OK,209.0,52.7,226.8,3.0,18.83,0.0,8.5,56.7,0.0,O-RU2,O-RU2,OK,145.3,217.6,115.0,4.68,3.35,6.73,13.9,9.6,20.2,O-RU3,O-RU3,OK,135.0,199.5,129.9,5.18,0.0,5.7,15.5,0.0,17.1,O-RU3,O-RU3,OK
44,111.5,190.7,158.5,7.1,0.0,10.42,21.3,0.0,31.4,O-RU3,O-RU1,MISS,209.0,52.7,226.8,2.69,20.88,2.84,7.4,62.9,7.9,O-RU2,O-RU2,OK,145.3,217.6,115.0,4.29,3.53,13.6,12.7,10.2,40.9,O-RU3,O-RU3,OK,135.0,199.5,129.9,4.9,0.0,5.7,14.6,0.0,17.1,O-RU1,O-RU3,MISS
45,97.2,209.5,165.4,7.3,8.91,0.0,22.0,26.8,0.0,O-RU2,O-RU1,MISS,241.9,26.9,234.0,2.52,21.73,2.78,6.8,65.4,7.7,O-RU2,O-RU2,OK,171.0,200.9,95.4,4.07,3.63,7.45,12.0,10.6,22.4,O-RU3,O-RU3,OK,151.1,174.3,128.4,10.74,0.0,5.68,32.3,0.0,17.0,O-RU1,O-RU3,MISS
46,97.2,209.5,165.4,7.5,0.0,10.24,22.6,0.0,30.8,O-RU3,O-RU1,MISS,241.9,26.9,234.0,2.36,21.67,2.72,6.2,65.2,7.5,O-RU2,O-RU2,OK,171.0,200.9,95.4,0.0,9.55,7.68,0.0,28.7,23.1,O-RU2,O-RU3,MISS,151.1,174.3,128.4,0.0,4.63,11.8,0.0,13.8,35.5,O-RU3,O-RU3,OK
47,97.2,209.5,165.4,14.3,0.0,4.17,43.0,0.0,12.3,O-RU1,O-RU1,OK,241.9,26.9,234.0,2.3,21.38,2.69,5.9,64.4,7.4,O-RU2,O-RU2,OK,171.0,200.9,95.4,0.0,3.87,14.46,0.0,11.4,43.5,O-RU3,O-RU3,OK,151.1,174.3,128.4,0.0,11.08,5.51,0.0,33.4,16.5,O-RU2,O-RU3,MISS
48,85.4,228.5,174.5,7.99,0.0,4.08,24.0,0.0,12.0,O-RU1,O-RU1,OK,265.5,24.7,241.8,2.32,19.94,2.83,6.0,60.0,7.9,O-RU2,O-RU2,OK,198.2,187.8,82.9,0.0,3.95,8.04,0.0,11.6,24.2,O-RU3,O-RU3,OK,170.0,149.9,132.7,0.0,5.26,5.42,0.0,15.7,16.2,O-RU3,O-RU3,OK
49,85.4,228.5,174.5,8.14,0.0,4.0,24.5,0.0,11.8,O-RU1,O-RU1,OK,265.5,24.7,241.8,2.34,11.53,3.0,6.1,34.7,8.4,O-RU2,O-RU2,OK,198.2,187.8,82.9,0.0,3.99,14.59,0.0,11.7,43.9,O-RU3,O-RU3,OK,170.0,149.9,132.7,0.0,5.51,5.32,0.0,16.5,15.9,O-RU2,O-RU3,MISS
50,77.1,247.7,185.3,8.35,0.0,3.85,25.1,0.0,11.3,O-RU1,O-RU1,OK,261.9,49.9,216.7,2.37,9.91,3.3,6.2,29.8,9.5,O-RU2,O-RU2,OK,209.5,184.9,79.7,0.0,3.84,8.13,0.0,11.2,24.5,O-RU3,O-RU3,OK,191.0,126.6,142.2,0.0,12.17,5.11,0.0,36.6,15.3,O-RU2,O-RU2,OK
51,77.1,247.7,185.3,15.0,0.0,3.76,45.2,0.0,11.0,O-RU1,O-RU1,OK,261.9,49.9,216.7,2.37,9.13,9.27,6.2,27.5,27.9,O-RU3,O-RU2,MISS,209.5,184.9,79.7,0.0,3.72,8.09,0.0,10.9,24.3,O-RU3,O-RU3,OK,191.0,126.6,142.2,0.0,6.23,4.98,0.0,18.7,14.8,O-RU2,O-RU2,OK
52,77.1,247.7,185.3,15.07,0.0,3.67,45.4,0.0,10.7,O-RU1,O-RU1,OK,261.9,49.9,216.7,2.37,15.03,3.71,6.2,45.2,10.8,O-RU2,O-RU2,OK,209.5,184.9,79.7,9.64,3.6,14.49,29.0,10.4,43.6,O-RU3,O-RU3,OK,191.0,126.6,142.2,0.0,12.81,4.84,0.0,38.6,14.4,O-RU2,O-RU2,OK
53,73.6,267.0,197.5,8.51,0.0,3.51,25.6,0.0,10.2,O-RU1,O-RU1,OK,260.9,76.7,191.3,2.46,8.46,3.77,6.5,25.5,11.0,O-RU2,O-RU2,OK,184.7,201.7,83.4,4.11,3.38,7.68,12.1,9.7,23.1,O-RU3,O-RU3,OK,213.5,105.3,156.0,0.0,6.98,4.59,0.0,21.0,13.6,O-RU2,O-RU2,OK
54,73.6,267.0,197.5,15.05,0.0,3.42,45.3,0.0,9.9,O-RU1,O-RU1,OK,260.9,76.7,191.3,2.59,15.26,3.77,7.0,45.9,11.0,O-RU2,O-RU2,OK,184.7,201.7,83.4,4.29,3.25,7.44,12.7,9.3,22.4,O-RU3,O-RU3,OK,213.5,105.3,156.0,8.59,7.27,4.44,25.8,21.9,13.2,O-RU1,O-RU2,MISS
55,73.6,267.0,197.5,8.41,0.0,3.33,25.3,0.0,9.6,O-RU1,O-RU1,OK,260.9,76.7,191.3,2.73,8.79,3.77,7.5,26.5,11.0,O-RU2,O-RU2,OK,184.7,201.7,83.4,0.0,8.79,7.17,0.0,26.5,21.5,O-RU2,O-RU3,MISS,213.5,105.3,156.0,0.0,7.55,4.29,0.0,22.7,12.7,O-RU3,O-RU2,MISS
56,75.4,286.3,210.9,8.95,0.0,3.3,26.9,0.0,9.5,O-RU1,O-RU1,OK,236.8,69.3,190.9,8.61,15.49,0.0,25.9,46.6,0.0,O-RU2,O-RU2,OK,162.3,221.8,97.9,10.82,2.9,6.68,32.6,8.1,20.1,O-RU1,O-RU3,MISS,237.0,87.5,173.1,0.0,14.48,4.03,0.0,43.6,11.9,O-RU2,O-RU2,OK
57,75.4,286.3,210.9,16.3,0.0,3.29,49.1,0.0,9.4,O-RU1,O-RU1,OK,236.8,69.3,190.9,3.14,15.42,3.72,8.9,46.4,10.9,O-RU2,O-RU2,OK,162.3,221.8,97.9,4.97,2.78,6.38,14.8,7.7,19.1,O-RU3,O-RU3,OK,237.0,87.5,173.1,0.0,8.2,3.88,0.0,24.7,11.4,O-RU2,O-RU2,OK
58,47.5,265.9,221.0,17.01,0.0,3.27,51.2,0.0,9.4,O-RU1,O-RU1,OK,210.4,71.4,194.3,3.31,8.67,3.68,9.5,26.1,10.7,O-RU2,O-RU2,OK,143.4,244.3,119.2,5.15,2.65,6.08,15.4,7.2,18.2,O-RU3,O-RU3,OK,261.2,75.5,192.5,0.0,8.38,3.73,0.0,25.2,10.9,O-RU2,O-RU2,OK
59,52.7,258.7,212.3,11.02,0.0,3.21,33.2,0.0,9.2,O-RU1,O-RU1,OK,210.4,71.4,194.3,3.61,8.33,9.4,10.5,25.1,28.3,O-RU3,O-RU2,MISS,143.4,244.3,119.2,5.42,2.45,5.59,16.2,6.5,16.7,O-RU3,O-RU3,OK,261.2,75.5,192.5,0.0,8.57,3.48,0.0,25.8,10.1,O-RU2,O-RU2,OK
60,52.7,258.7,212.3,11.23,0.0,3.16,33.8,0.0,9.0,O-RU1,O-RU1,OK,210.4,71.4,194.3,3.79,8.06,0.0,11.1,24.3,0.0,O-RU2,O-RU2,OK,143.4,244.3,119.2,5.57,2.33,5.31,16.7,6.1,15.9,O-RU1,O-RU3,MISS,261.2,75.5,192.5,0.0,8.59,3.42,0.0,25.9,9.9,O-RU2,O-RU2,OK
61,43.3,228.6,219.5,18.06,0.0,3.1,54.4,0.0,8.8,O-RU1,O-RU1,OK,184.6,83.5,201.7,3.99,7.78,0.0,11.7,23.4,0.0,O-RU2,O-RU2,OK,129.7,268.7,144.4,5.69,2.22,5.03,17.0,5.6,15.0,O-RU1,O-RU1,OK,276.8,72.5,205.7,0.0,15.22,3.43,0.0,45.8,9.9,O-RU2,O-RU2,OK
62,43.3,228.6,219.5,17.45,3.23,0.0,52.5,9.2,0.0,O-RU1,O-RU1,OK,184.6,83.5,201.7,4.26,7.37,9.14,12.6,22.2,27.5,O-RU3,O-RU2,MISS,129.7,268.7,144.4,5.78,2.13,4.81,17.3,5.3,14.3,O-RU1,O-RU1,OK,276.8,72.5,205.7,0.0,15.62,9.3,0.0,47.0,28.0,O-RU2,O-RU2,OK
63,43.3,228.6,219.5,10.01,3.41,0.0,30.1,9.8,0.0,O-RU1,O-RU1,OK,184.6,83.5,201.7,4.48,7.06,0.0,13.3,21.2,0.0,O-RU2,O-RU2,OK,129.7,268.7,144.4,5.62,2.12,4.94,16.8,5.3,14.7,O-RU1,O-RU1,OK,276.8,72.5,205.7,0.0,15.8,3.59,0.0,47.6,10.4,O-RU2,O-RU2,OK
64,59.5,200.5,232.0,15.6,3.72,0.0,47.0,10.9,0.0,O-RU1,O-RU1,OK,159.4,102.2,212.5,4.86,6.55,0.0,14.5,19.7,0.0,O-RU2,O-RU2,OK,135.4,278.1,145.2,11.28,7.42,0.0,34.0,22.3,0.0,O-RU1,O-RU1,OK,245.9,64.7,196.8,0.0,15.8,3.67,0.0,47.6,10.7,O-RU2,O-RU2,OK
65,59.5,200.5,232.0,14.91,3.92,0.0,44.9,11.5,0.0,O-RU1,O-RU1,OK,159.4,102.2,212.5,5.1,6.25,0.0,15.2,18.8,0.0,O-RU2,O-RU2,OK,135.4,278.1,145.2,4.95,2.1,5.56,14.7,5.2,16.7,O-RU3,O-RU1,MISS,245.9,64.7,196.8,0.0,15.62,3.7,0.0,47.0,10.8,O-RU2,O-RU2,OK
66,59.5,200.5,232.0,7.78,4.11,0.0,23.4,12.1,0.0,O-RU1,O-RU1,OK,159.4,102.2,212.5,5.35,5.96,0.0,16.0,17.9,0.0,O-RU2,O-RU2,OK,135.4,278.1,145.2,4.72,2.09,5.81,14.0,5.1,17.4,O-RU3,O-RU1,MISS,245.9,64.7,196.8,0.0,8.73,3.73,0.0,26.3,10.9,O-RU2,O-RU2,OK
67,88.2,175.2,249.1,6.91,4.43,0.0,20.8,13.1,0.0,O-RU1,O-RU1,OK,135.4,124.4,226.3,5.78,5.49,0.0,17.3,16.4,0.0,O-RU1,O-RU2,MISS,159.1,280.7,123.4,4.36,2.06,6.25,12.9,5.0,18.8,O-RU3,O-RU3,OK,213.0,71.9,192.4,0.0,8.18,3.74,0.0,24.6,10.9,O-RU2,O-RU2,OK
68,88.2,175.2,249.1,6.45,4.62,0.0,19.4,13.7,0.0,O-RU1,O-RU1,OK,135.4,124.4,226.3,6.05,5.23,0.0,18.1,15.6,0.0,O-RU1,O-RU2,MISS,159.1,280.7,123.4,4.16,2.04,12.83,12.3,4.9,38.6,O-RU3,O-RU3,OK,213.0,71.9,192.4,3.79,14.28,3.72,11.1,43.0,10.9,O-RU2,O-RU2,OK
69,120.7,154.0,269.9,6.01,0.0,7.6,18.0,0.0,22.9,O-RU3,O-RU1,MISS,113.4,148.7,242.7,6.32,11.04,0.0,19.0,33.2,0.0,O-RU2,O-RU1,MISS,173.5,278.4,106.8,10.14,2.11,12.94,30.5,5.2,39.0,O-RU3,O-RU3,OK,180.1,91.5,193.6,4.04,13.84,3.7,11.9,41.7,10.8,O-RU2,O-RU2,OK
70,120.7,154.0,269.9,5.36,0.0,7.36,16.0,0.0,22.1,O-RU3,O-RU1,MISS,113.4,148.7,242.7,13.12,4.58,0.0,39.5,13.6,0.0,O-RU1,O-RU1,OK,173.5,278.4,106.8,4.58,2.38,6.58,13.6,6.2,19.8,O-RU3,O-RU3,OK,180.1,91.5,193.6,4.5,6.77,3.64,13.3,20.3,10.6,O-RU2,O-RU2,OK
71,120.7,154.0,269.9,5.0,5.22,0.0,14.9,15.6,0.0,O-RU2,O-RU1,MISS,113.4,148.7,242.7,13.43,4.35,0.0,40.4,12.9,0.0,O-RU1,O-RU1,OK,173.5,278.4,106.8,4.79,2.55,6.48,14.3,6.9,19.5,O-RU3,O-RU3,OK,180.1,91.5,193.6,4.8,6.4,3.58,14.3,19.2,10.4,O-RU2,O-RU2,OK
72,154.7,139.0,293.6,10.68,5.34,0.0,32.2,16.0,0.0,O-RU1,O-RU2,MISS,94.7,174.1,261.0,7.27,4.18,0.0,21.9,12.3,0.0,O-RU1,O-RU1,OK,150.1,242.8,112.0,4.99,2.74,6.34,14.9,7.5,19.0,O-RU3,O-RU3,OK,147.5,117.3,200.4,4.97,6.19,3.57,14.8,18.6,10.4,O-RU2,O-RU2,OK
73,154.7,139.0,293.6,10.55,5.38,0.0,31.7,16.1,0.0,O-RU1,O-RU2,MISS,94.7,174.1,261.0,7.2,4.24,0.0,21.6,12.5,0.0,O-RU2,O-RU1,MISS,150.1,242.8,112.0,5.3,3.07,6.01,15.8,8.7,18.0,O-RU3,O-RU3,OK,147.5,117.3,200.4,10.54,6.43,3.89,31.7,19.3,11.4,O-RU1,O-RU2,MISS
74,154.7,139.0,293.6,10.82,5.23,0.0,32.6,15.6,0.0,O-RU1,O-RU2,MISS,94.7,174.1,261.0,7.04,4.4,0.0,21.1,13.0,0.0,O-RU1,O-RU1,OK,150.1,242.8,112.0,5.46,3.29,5.78,16.3,9.4,17.3,O-RU3,O-RU3,OK,147.5,117.3,200.4,4.31,6.53,4.09,12.7,19.6,12.0,O-RU2,O-RU2,OK
75,150.5,143.4,293.8,5.16,5.0,0.0,15.4,14.9,0.0,O-RU2,O-RU2,OK,99.6,165.6,252.9,6.86,4.55,0.0,20.6,13.5,0.0,O-RU1,O-RU1,OK,133.5,208.0,128.6,5.59,3.52,5.53,16.7,10.2,16.6,O-RU1,O-RU3,MISS,173.3,108.5,176.0,0.0,6.58,4.29,0.0,19.8,12.7,O-RU2,O-RU2,OK
76,150.5,143.4,293.8,5.85,4.6,0.0,17.5,13.7,0.0,O-RU1,O-RU2,MISS,99.6,165.6,252.9,6.56,4.82,0.0,19.7,14.3,0.0,O-RU1,O-RU1,OK,133.5,208.0,128.6,5.74,9.79,0.0,17.2,29.5,0.0,O-RU2,O-RU3,MISS,173.3,108.5,176.0,0.0,12.86,4.61,0.0,38.7,13.7,O-RU2,O-RU2,OK
77,150.5,143.4,293.8,6.32,10.32,0.0,19.0,31.1,0.0,O-RU2,O-RU2,OK,112.4,148.4,236.9,6.37,11.04,0.0,19.1,33.2,0.0,O-RU2,O-RU1,MISS,126.5,174.6,153.0,11.97,4.19,4.84,36.0,12.4,14.4,O-RU1,O-RU1,OK,202.8,110.1,154.2,0.0,6.48,4.8,0.0,19.4,14.3,O-RU3,O-RU2,MISS
78,113.4,168.5,280.0,7.22,3.98,0.0,21.7,11.7,0.0,O-RU1,O-RU1,OK,112.4,148.4,236.9,6.06,5.26,0.0,18.2,15.7,0.0,O-RU1,O-RU1,OK,126.5,174.6,153.0,5.78,4.46,4.59,17.3,13.2,13.6,O-RU3,O-RU1,MISS,202.8,110.1,154.2,0.0,6.26,5.09,0.0,18.8,15.2,O-RU2,O-RU2,OK
79,113.4,168.5,280.0,7.86,3.76,0.0,23.6,11.0,0.0,O-RU1,O-RU1,OK,112.4,148.4,236.9,12.07,5.43,0.0,36.3,16.3,0.0,O-RU1,O-RU1,OK,126.5,174.6,153.0,5.71,4.5,4.6,17.1,13.3,13.7,O-RU3,O-RU1,MISS,202.8,110.1,154.2,0.0,6.08,5.25,0.0,18.2,15.7,O-RU2,O-RU2,OK
80,113.4,168.5,280.0,15.16,3.54,0.0,45.6,10.3,0.0,O-RU1,O-RU1,OK,112.4,148.4,236.9,5.68,11.77,0.0,17.0,35.4,0.0,O-RU2,O-RU1,MISS,125.8,163.7,163.4,5.32,4.76,10.73,15.9,14.2,32.3,O-RU3,O-RU1,MISS,233.9,122.4,138.2,0.0,5.88,5.38,0.0,17.6,16.1,O-RU2,O-RU2,OK
81,76.3,197.4,270.6,9.42,3.33,0.0,28.3,9.6,0.0,O-RU1,O-RU1,OK,127.4,132.5,221.9,5.49,5.78,0.0,16.4,17.3,0.0,O-RU2,O-RU1,MISS,135.2,158.2,157.9,4.95,5.03,0.0,14.8,15.0,0.0,O-RU1,O-RU1,OK,233.9,122.4,138.2,0.0,5.65,5.5,0.0,16.9,16.5,O-RU2,O-RU2,OK
82,76.3,197.4,270.6,18.17,3.0,0.0,54.7,8.5,0.0,O-RU1,O-RU1,OK,127.4,132.5,221.9,5.19,6.06,0.0,15.5,18.2,0.0,O-RU2,O-RU1,MISS,135.2,158.2,157.9,0.0,5.48,4.91,0.0,16.4,14.6,O-RU2,O-RU1,MISS,233.9,122.4,138.2,7.76,0.0,5.63,23.3,0.0,16.9,O-RU1,O-RU2,MISS
83,76.3,197.4,270.6,19.45,2.85,0.0,58.6,7.9,0.0,O-RU1,O-RU1,OK,127.4,132.5,221.9,5.01,6.23,0.0,15.0,18.7,0.0,O-RU2,O-RU1,MISS,135.2,158.2,157.9,0.0,5.75,4.94,0.0,17.2,14.7,O-RU2,O-RU1,MISS,266.1,142.6,130.0,0.0,5.02,11.84,0.0,15.0,35.6,O-RU3,O-RU3,OK
84,39.3,228.7,266.2,19.48,8.47,0.0,58.6,25.5,0.0,O-RU1,O-RU1,OK,144.1,118.2,207.9,4.84,6.39,0.0,14.4,19.2,0.0,O-RU2,O-RU2,OK,170.8,131.8,150.2,0.0,6.01,4.94,0.0,18.0,14.7,O-RU2,O-RU2,OK,266.1,142.6,130.0,0.0,4.78,5.67,0.0,14.2,17.0,O-RU3,O-RU3,OK
85,39.3,228.7,266.2,12.09,3.03,0.0,36.4,8.5,0.0,O-RU1,O-RU1,OK,144.1,118.2,207.9,10.55,6.65,0.0,31.8,20.0,0.0,O-RU1,O-RU2,MISS,170.8,131.8,150.2,0.0,6.41,10.93,0.0,19.3,32.9,O-RU3,O-RU2,MISS,266.1,142.6,130.0,0.0,4.86,5.65,0.0,14.5,16.9,O-RU3,O-RU3,OK
86,36.4,224.2,250.2,11.6,3.11,0.0,34.9,8.8,0.0,O-RU1,O-RU1,OK,161.7,106.3,195.2,4.4,6.8,9.57,13.0,20.4,28.8,O-RU3,O-RU2,MISS,206.9,111.5,151.4,0.0,12.93,4.82,0.0,38.9,14.4,O-RU2,O-RU2,OK,279.9,152.3,129.9,0.0,5.04,5.61,0.0,15.0,16.8,O-RU3,O-RU3,OK
87,36.4,224.2,250.2,17.91,3.2,0.0,53.9,9.1,0.0,O-RU1,O-RU1,OK,161.7,106.3,195.2,4.24,6.93,0.0,12.5,20.8,0.0,O-RU2,O-RU2,OK,206.9,111.5,151.4,0.0,6.78,4.73,0.0,20.4,14.1,O-RU3,O-RU2,MISS,279.9,152.3,129.9,0.0,11.33,5.56,0.0,34.1,16.6,O-RU2,O-RU3,MISS
88,36.4,224.2,250.2,16.96,3.31,0.0,51.1,9.5,0.0,O-RU1,O-RU1,OK,161.7,106.3,195.2,4.04,13.47,0.0,11.9,40.5,0.0,O-RU2,O-RU2,OK,206.9,111.5,151.4,0.0,6.91,4.58,0.0,20.8,13.6,O-RU2,O-RU2,OK,279.9,152.3,129.9,0.0,5.48,5.47,0.0,16.4,16.4,O-RU3,O-RU3,OK
89,53.2,210.5,222.1,9.55,3.39,0.0,28.8,9.8,0.0,O-RU1,O-RU1,OK,180.2,97.5,184.1,3.89,7.18,4.02,11.4,21.6,11.8,O-RU2,O-RU2,OK,243.2,101.0,161.2,0.0,6.95,4.45,0.0,20.9,13.2,O-RU2,O-RU2,OK,259.3,134.3,134.6,7.97,0.0,11.52,24.0,0.0,34.7,O-RU3,O-RU2,MISS
90,53.2,210.5,222.1,8.98,3.46,0.0,27.0,10.0,0.0,O-RU1,O-RU1,OK,180.2,97.5,184.1,3.75,7.26,4.09,11.0,21.8,12.1,O-RU2,O-RU2,OK,243.2,101.0,161.2,0.0,6.92,4.31,0.0,20.8,12.7,O-RU2,O-RU2,OK,259.3,134.3,134.6,0.0,5.86,5.3,0.0,17.6,15.8,O-RU3,O-RU2,MISS
91,53.2,210.5,222.1,8.44,0.0,3.62,25.4,0.0,10.5,O-RU1,O-RU1,OK,180.2,97.5,184.1,3.61,7.32,4.16,10.5,22.0,12.3,O-RU2,O-RU2,OK,243.2,101.0,161.2,0.0,6.84,4.15,0.0,20.5,12.2,O-RU3,O-RU2,MISS,259.3,134.3,134.6,0.0,12.28,5.2,0.0,37.0,15.5,O-RU2,O-RU2,OK
92,77.1,200.0,194.1,7.95,0.0,3.83,23.9,0.0,11.2,O-RU1,O-RU1,OK,199.2,92.9,174.8,3.48,13.77,4.23,10.1,41.5,12.5,O-RU2,O-RU2,OK,277.7,102.9,177.1,7.44,13.16,0.0,22.4,39.6,0.0,O-RU2,O-RU2,OK,239.3,118.3,143.2,0.0,6.24,5.09,0.0,18.7,15.2,O-RU3,O-RU2,MISS
93,77.1,200.0,194.1,7.49,0.0,4.04,22.5,0.0,11.9,O-RU1,O-RU1,OK,199.2,92.9,174.8,3.35,13.79,4.29,9.6,41.5,12.7,O-RU2,O-RU2,OK,277.7,102.9,177.1,0.0,6.77,4.28,0.0,20.3,12.7,O-RU3,O-RU2,MISS,239.3,118.3,143.2,0.0,12.71,4.97,0.0,38.2,14.8,O-RU2,O-RU2,OK
94,77.1,200.0,194.1,7.06,0.0,4.27,21.2,0.0,12.6,O-RU1,O-RU1,OK,199.2,92.9,174.8,3.22,7.35,4.35,9.2,22.1,12.9,O-RU2,O-RU2,OK,277.7,102.9,177.1,0.0,6.69,4.45,0.0,20.1,13.2,O-RU2,O-RU2,OK,239.3,118.3,143.2,0.0,6.59,10.89,0.0,19.8,32.8,O-RU3,O-RU2,MISS
95,77.1,200.0,194.1,6.66,0.0,4.51,20.0,0.0,13.4,O-RU1,O-RU1,OK,198.2,97.3,170.2,3.1,13.73,4.4,8.8,41.3,13.0,O-RU2,O-RU2,OK,259.6,106.8,161.8,0.0,6.59,4.62,0.0,19.8,13.7,O-RU3,O-RU2,MISS,220.1,105.3,155.0,0.0,6.75,4.73,0.0,20.3,14.1,O-RU2,O-RU2,OK
96,103.4,193.0,166.2,0.0,0.0,0.0,0.0,0.0,0.0,O-RU1,O-RU1,OK,218.6,93.0,167.8,0.0,0.0,0.0,0.0,0.0,0.0,O-RU1,O-RU2,MISS,259.6,106.8,161.8,0.0,0.0,0.0,0.0,0.0,0.0,O-RU2,O-RU2,OK,220.1,105.3,155.0,0.0,13.31,4.56,0.0,40.1,13.5,O-RU2,O-RU2,OK
97,103.4,193.0,166.2,5.83,0.0,5.13,17.5,0.0,15.3,O-RU1,O-RU1,OK,218.6,93.0,167.8,8.41,7.14,0.0,25.3,21.5,0.0,O-RU1,O-RU2,MISS,259.6,106.8,161.8,0.0,12.63,4.88,0.0,38.0,14.6,O-RU2,O-RU2,OK,220.1,105.3,155.0,0.0,0.0,0.0,0.0,0.0,0.0,O-RU2,O-RU2,OK
98,130.6,190.2,138.5,5.52,0.0,5.42,16.5,0.0,16.2,O-RU1,O-RU1,OK,238.3,97.8,163.2,2.72,13.41,4.53,7.5,40.4,13.4,O-RU2,O-RU2,OK,250.7,117.7,147.2,0.0,6.04,5.1,0.0,18.1,15.2,O-RU2,O-RU2,OK,201.8,96.5,169.4,0.0,7.18,10.23,0.0,21.6,30.8,O-RU3,O-RU2,MISS
99,130.6,190.2,138.5,5.22,0.0,5.73,15.6,0.0,17.2,O-RU3,O-RU1,MISS,238.3,97.8,163.2,2.62,6.92,10.54,7.1,20.8,31.7,O-RU3,O-RU2,MISS,250.7,117.7,147.2,0.0,5.74,5.32,0.0,17.2,15.9,O-RU2,O-RU2,OK,201.8,96.5,169.4,0.0,7.25,4.16,0.0,21.8,12.3,O-RU2,O-RU2,OK
100,130.6,190.2,138.5,10.99,0.0,6.07,33.1,0.0,18.2,O-RU1,O-RU1,OK,238.3,97.8,163.2,2.51,6.78,4.57,6.7,20.4,13.6,O-RU2,O-RU2,OK,250.7,117.7,147.2,0.0,5.46,5.55,0.0,16.3,16.6,O-RU3,O-RU2,MISS,201.8,96.5,169.4,0.0,7.3,4.03,0.0,22.0,11.9,O-RU2,O-RU2,OK
