run,t_qos,t_ho1,ho1_target,t_sleep,t_wake,t_ho2,ho2_target,recovery_ho_count,recovery_ho_detail,TS_UE1_Mbps,TS_UE2_Mbps,TS_UE3_Mbps,TS_UE4_Mbps,QoS_UE1_Mbps,QoS_UE2_Mbps,QoS_UE3_Mbps,QoS_UE4_Mbps,NES_UE1_Mbps,NES_UE2_Mbps,NES_UE3_Mbps,NES_UE4_Mbps,Recovery_UE1_Mbps,Recovery_UE2_Mbps,Recovery_UE3_Mbps,Recovery_UE4_Mbps
run_001,1.223,2.002,4,2.025,3.175,3.122,3,1,IMSI2:O-RU 3->O-RU 2,255.96,546.00,332.19,206.13,527.08,557.84,297.18,54.56,310.06,165.41,225.62,280.83,267.92,539.78,354.05,285.32
run_002,1.204,1.962,4,1.975,3.175,3.142,3,1,IMSI2:O-RU 3->O-RU 2,294.91,474.06,429.79,219.65,449.53,526.04,448.37,79.42,273.96,117.80,272.82,291.23,248.86,557.33,428.19,262.17
run_003,1.224,2.012,4,2.025,3.225,3.192,3,1,IMSI2:O-RU 3->O-RU 2,262.88,475.45,400.78,244.35,474.78,507.87,498.91,61.46,265.71,160.41,263.44,274.36,283.57,512.82,378.43,279.80
run_004,1.204,2.022,4,2.075,3.225,3.192,3,1,IMSI2:O-RU 3->O-RU 2,335.87,436.63,336.03,231.98,466.61,622.47,323.49,46.08,286.92,174.73,241.00,263.86,288.89,540.91,327.23,296.74
run_005,1.228,2.042,4,2.075,3.225,3.202,3,1,IMSI2:O-RU 3->O-RU 2,308.38,521.95,271.00,277.11,466.75,481.64,365.16,42.56,253.01,157.52,218.30,296.98,210.98,553.69,323.97,247.27
run_006,1.261,2.062,4,2.075,3.275,3.242,3,1,IMSI2:O-RU 3->O-RU 2,222.89,487.54,348.14,260.71,534.28,569.10,633.90,47.79,281.06,135.43,250.45,293.17,256.50,534.56,347.37,272.00
run_007,1.256,2.102,4,2.125,3.325,3.282,3,1,IMSI2:O-RU 3->O-RU 2,228.15,522.91,307.90,280.25,490.99,562.74,364.89,47.01,306.75,144.09,168.54,284.90,302.81,513.35,360.89,263.80
run_008,1.300,2.152,4,2.175,3.375,3.322,3,1,IMSI2:O-RU 3->O-RU 2,266.47,537.20,450.69,278.32,380.08,452.82,293.96,98.72,276.72,120.84,199.26,276.91,269.70,467.42,430.49,249.58
run_009,1.223,2.092,4,2.125,3.325,3.272,3,1,IMSI2:O-RU 3->O-RU 2,291.33,558.71,424.57,301.86,398.08,557.81,304.17,40.07,294.27,148.13,241.14,252.72,292.20,542.21,311.55,259.65
run_010,1.260,2.052,4,2.075,3.225,3.202,3,1,IMSI2:O-RU 3->O-RU 2,311.51,507.16,275.26,284.11,454.37,451.80,464.22,50.12,274.11,133.82,221.04,328.65,268.68,548.81,442.42,262.63
run_011,1.228,1.992,4,2.025,3.175,3.132,3,1,IMSI2:O-RU 3->O-RU 2,264.30,432.59,505.68,315.00,492.56,590.52,328.19,72.70,287.61,110.56,258.43,306.22,274.98,520.25,443.82,271.47
run_012,1.271,2.162,4,2.175,3.375,3.342,3,1,IMSI2:O-RU 3->O-RU 2,210.45,559.13,268.61,281.98,262.04,456.28,322.64,79.39,263.61,86.37,235.41,255.84,245.88,516.47,385.32,244.29
run_013,1.231,2.072,4,2.125,3.275,3.262,3,1,IMSI2:O-RU 3->O-RU 2,283.25,538.55,298.80,281.65,463.41,517.68,417.83,42.34,275.50,149.53,236.74,266.53,267.27,512.31,347.76,286.85
run_014,1.227,2.062,4,2.075,3.275,3.242,3,1,IMSI2:O-RU 3->O-RU 2,286.87,561.73,270.70,341.66,516.94,555.42,421.75,45.64,253.61,119.00,229.80,269.51,273.72,539.83,310.91,278.57
run_015,1.302,2.142,4,2.175,3.375,3.362,3,1,IMSI2:O-RU 3->O-RU 2,212.52,537.44,398.92,273.72,471.82,551.67,311.01,90.46,252.77,131.72,243.65,261.63,265.90,548.86,322.86,227.55
run_016,1.220,2.052,4,2.075,3.275,3.222,3,1,IMSI2:O-RU 3->O-RU 2,224.34,555.18,361.12,286.72,433.41,511.78,616.77,42.69,279.43,143.86,286.16,284.22,256.76,517.73,450.46,248.97
run_017,1.206,2.022,4,2.075,3.275,3.222,3,1,IMSI2:O-RU 3->O-RU 2,290.37,469.35,382.69,200.91,555.33,480.42,342.10,60.54,249.88,100.73,237.52,296.83,277.94,471.35,393.93,266.20
run_018,1.315,2.142,4,2.175,3.375,3.342,3,1,IMSI2:O-RU 3->O-RU 2,211.45,484.20,536.17,233.51,483.45,462.08,268.93,97.82,210.19,132.14,262.64,259.26,252.07,532.22,424.34,238.50
run_019,1.292,2.102,4,2.125,3.325,3.292,3,1,IMSI2:O-RU 3->O-RU 2,218.06,563.79,300.27,203.99,516.40,437.13,355.05,56.93,302.03,113.85,266.93,282.35,270.69,519.22,367.33,244.33
run_020,1.225,2.042,4,2.075,3.225,3.192,3,1,IMSI2:O-RU 3->O-RU 2,250.96,484.96,202.25,255.50,450.67,498.43,523.33,45.82,274.20,150.65,235.31,287.23,281.56,472.03,406.56,285.23
run_021,1.223,2.062,4,2.075,3.275,3.232,3,1,IMSI2:O-RU 3->O-RU 2,267.10,495.95,304.77,274.50,333.91,570.81,309.95,43.82,278.38,118.13,243.32,247.22,259.73,511.95,371.97,264.21
run_022,1.266,2.022,4,2.075,3.225,3.172,3,1,IMSI2:O-RU 3->O-RU 2,250.62,434.89,398.30,288.14,490.61,421.51,392.67,51.17,220.81,179.64,263.90,255.02,261.72,510.76,441.13,236.31
run_023,1.242,2.032,4,2.075,3.225,3.182,3,1,IMSI2:O-RU 3->O-RU 2,224.84,392.56,360.94,255.52,453.33,559.51,436.28,44.80,305.39,121.80,236.40,282.97,275.41,511.82,386.71,251.31
run_024,1.290,2.122,4,2.175,3.375,3.332,3,1,IMSI2:O-RU 3->O-RU 2,294.66,524.96,462.70,263.02,428.68,521.86,317.35,61.12,265.66,85.41,255.64,223.49,247.60,499.82,379.19,268.67
run_025,1.293,2.102,4,2.125,3.275,3.262,3,1,IMSI2:O-RU 3->O-RU 2,225.86,505.95,490.63,224.17,449.44,499.38,481.23,60.63,316.55,161.65,274.70,313.35,270.72,519.07,438.16,277.30
run_026,1.302,2.142,4,2.175,3.375,3.322,3,1,IMSI2:O-RU 3->O-RU 2,241.92,538.37,230.80,233.17,448.87,462.03,314.63,101.74,242.70,126.03,262.08,265.44,259.64,556.68,378.78,254.00
run_027,1.232,2.032,4,2.075,3.275,3.222,3,1,IMSI2:O-RU 3->O-RU 2,251.39,428.47,356.33,233.03,388.76,558.91,415.96,47.07,290.48,146.03,217.15,242.89,273.87,537.24,402.38,269.15
run_028,1.261,2.112,4,2.125,3.375,3.332,3,1,IMSI2:O-RU 3->O-RU 2,295.61,510.92,534.33,266.92,435.30,551.00,366.14,45.21,231.88,162.39,266.07,232.62,275.57,530.09,397.87,281.56
run_029,1.286,2.102,4,2.125,3.325,3.292,3,1,IMSI2:O-RU 3->O-RU 2,202.29,524.31,472.71,251.23,447.23,478.71,469.12,55.06,243.00,171.97,218.99,252.49,258.81,535.89,316.09,248.24
run_030,1.292,2.152,4,2.175,3.375,3.352,3,1,IMSI2:O-RU 3->O-RU 2,192.24,572.49,286.74,262.23,342.49,499.48,454.92,85.63,316.22,91.47,251.58,310.88,247.81,484.11,356.09,262.40
run_031,1.249,2.042,4,2.075,3.225,3.202,3,1,IMSI2:O-RU 3->O-RU 2,246.45,525.42,333.42,307.46,449.56,461.15,451.44,45.27,246.30,162.98,252.17,296.74,280.39,501.49,336.52,267.08
run_032,1.246,2.022,4,2.075,3.225,3.212,3,1,IMSI2:O-RU 3->O-RU 2,269.56,456.54,403.04,298.41,575.05,525.66,483.41,60.27,240.55,145.90,254.42,274.72,253.57,526.89,397.77,281.82
run_033,1.271,2.122,4,2.175,3.375,3.322,3,1,IMSI2:O-RU 3->O-RU 2,234.09,524.66,414.92,241.22,386.37,517.04,262.05,40.88,295.37,110.75,240.58,240.65,255.12,515.23,340.45,261.09
run_034,1.215,2.022,4,2.075,3.225,3.212,3,1,IMSI2:O-RU 3->O-RU 2,297.34,415.76,379.77,266.52,551.10,588.41,329.08,63.12,285.37,122.98,242.12,271.97,236.68,534.53,366.96,253.28
run_035,1.259,2.092,4,2.125,3.275,3.252,3,1,IMSI2:O-RU 3->O-RU 2,271.97,544.42,328.76,245.67,467.59,510.10,337.65,49.53,253.86,154.65,263.19,307.80,291.35,530.70,383.69,257.33
run_036,1.289,2.072,4,2.125,3.275,3.232,3,1,IMSI2:O-RU 3->O-RU 2,242.64,489.04,446.38,277.96,459.95,506.99,430.71,42.89,279.30,142.00,241.91,273.97,265.57,497.34,385.39,282.89
run_037,1.293,2.062,4,2.075,3.275,3.222,3,1,IMSI2:O-RU 3->O-RU 2,210.47,514.15,434.25,260.83,482.91,477.35,330.78,57.02,253.97,185.68,227.56,243.87,263.15,548.41,453.64,244.19
run_038,1.239,2.042,4,2.075,3.275,3.232,3,1,IMSI2:O-RU 3->O-RU 2,257.78,462.31,380.00,242.89,569.91,603.54,508.62,46.92,247.63,122.38,305.96,244.00,307.96,498.60,377.79,249.74
run_039,1.278,2.092,4,2.125,3.325,3.292,3,1,IMSI2:O-RU 3->O-RU 2,255.12,525.91,368.25,251.61,508.96,489.39,311.43,51.28,245.16,149.94,271.33,221.88,251.88,545.23,355.05,255.13
run_040,1.238,2.062,4,2.075,3.275,3.232,3,1,IMSI2:O-RU 3->O-RU 2,225.41,470.06,303.51,254.99,536.58,647.21,314.54,45.47,248.71,144.78,266.99,245.85,275.72,516.06,389.63,290.34
run_041,1.258,2.082,4,2.125,3.325,3.282,3,1,IMSI2:O-RU 3->O-RU 2,252.58,544.36,335.57,271.64,565.62,537.89,478.53,48.70,271.41,112.55,264.43,270.94,259.15,468.35,434.59,239.53
run_042,1.296,2.132,4,2.175,3.375,3.342,3,1,IMSI2:O-RU 3->O-RU 2,211.61,547.77,259.79,292.25,465.54,466.29,293.33,91.33,261.28,118.48,281.49,255.44,270.35,526.37,424.37,263.76
run_043,1.267,2.102,4,2.125,3.325,3.282,3,1,IMSI2:O-RU 3->O-RU 2,209.45,512.75,217.58,236.81,552.60,544.82,506.41,49.44,265.01,244.52,337.81,269.00,258.62,536.15,427.19,308.85
run_044,1.291,2.052,4,2.075,3.275,3.222,3,1,IMSI2:O-RU 3->O-RU 2,266.08,473.65,243.88,231.26,512.19,457.46,520.99,64.66,268.17,147.89,269.54,259.82,263.02,528.18,373.03,234.55
run_045,1.257,2.072,4,2.125,3.275,3.232,3,1,IMSI2:O-RU 3->O-RU 2,281.18,511.94,361.72,279.99,401.76,524.50,337.04,45.91,285.19,175.97,258.40,275.91,289.17,543.90,335.13,268.75
run_046,1.217,1.972,4,2.025,3.175,3.152,3,1,IMSI2:O-RU 3->O-RU 2,247.05,489.39,322.67,302.15,498.57,530.79,442.09,85.24,289.17,137.77,266.11,259.78,258.66,484.84,403.00,258.52
run_047,1.267,2.092,4,2.125,3.275,3.252,3,1,IMSI2:O-RU 3->O-RU 2,207.69,552.20,275.92,215.50,423.10,569.59,478.88,47.35,299.13,150.17,244.54,302.05,269.78,532.06,344.58,272.64
run_048,1.252,2.092,4,2.125,3.325,3.272,3,1,IMSI2:O-RU 3->O-RU 2,290.77,494.32,414.44,288.44,515.78,542.93,420.52,47.13,311.54,146.72,264.51,284.89,268.82,518.70,361.65,270.74
run_049,1.203,1.992,4,2.025,3.225,3.192,3,1,IMSI2:O-RU 3->O-RU 2,286.90,371.63,422.42,248.80,412.68,573.08,556.70,60.31,301.43,135.42,246.41,250.95,267.70,535.94,422.08,288.19
run_050,1.292,2.122,4,2.175,3.325,3.282,3,1,IMSI2:O-RU 3->O-RU 2,282.01,541.71,348.54,225.05,510.56,539.36,541.36,52.88,265.48,143.63,245.29,285.43,278.06,532.71,357.54,286.89
